"../../../Engine/Plugins/Animation/ACLPlugin/Content/ACLAnimCurveCompressionSettings.uasset" 0
"../../../Engine/Plugins/Animation/ACLPlugin/Content/ACLAnimCurveCompressionSettings.uexp" 1
"../../../Engine/Plugins/Animation/ACLPlugin/Content/ACLAnimBoneCompressionSettings.uasset" 2
"../../../Engine/Plugins/Animation/ACLPlugin/Content/ACLAnimBoneCompressionSettings.uexp" 3
"../../../Engine/Plugins/2D/Paper2D/Content/PlaceholderTextures/DummySpriteTexture.ubulk" 4
"../../../Engine/Plugins/2D/Paper2D/Content/PlaceholderTextures/DummySpriteTexture.uasset" 5
"../../../Engine/Plugins/2D/Paper2D/Content/PlaceholderTextures/DummySpriteTexture.uexp" 6
"../../../Engine/Plugins/2D/Paper2D/Content/DummySprite.uasset" 7
"../../../Engine/Plugins/2D/Paper2D/Content/DummySprite.uexp" 8
"../../../Engine/Plugins/2D/Paper2D/Content/DefaultPaperTerrainMaterial.uasset" 9
"../../../Engine/Plugins/2D/Paper2D/Content/DefaultPaperTerrainMaterial.uexp" 10
"../../../Engine/Plugins/Interchange/Runtime/Content/Pipelines/DefaultTexturePipeline.uasset" 11
"../../../Engine/Plugins/Interchange/Runtime/Content/Pipelines/DefaultTexturePipeline.uexp" 12
"../../../Engine/Plugins/Interchange/Runtime/Content/Pipelines/DefaultSceneLevelPipeline.uasset" 13
"../../../Engine/Plugins/Interchange/Runtime/Content/Pipelines/DefaultSceneLevelPipeline.uexp" 14
"../../../Engine/Plugins/Interchange/Runtime/Content/Pipelines/DefaultSceneAssetsPipeline.uasset" 15
"../../../Engine/Plugins/Interchange/Runtime/Content/Pipelines/DefaultSceneAssetsPipeline.uexp" 16
"../../../Engine/Plugins/Interchange/Runtime/Content/Pipelines/DefaultMaterialXPipeline.uasset" 17
"../../../Engine/Plugins/Interchange/Runtime/Content/Pipelines/DefaultMaterialXPipeline.uexp" 18
"../../../Engine/Plugins/Interchange/Runtime/Content/Pipelines/DefaultMaterialPipeline.uasset" 19
"../../../Engine/Plugins/Interchange/Runtime/Content/Pipelines/DefaultMaterialPipeline.uexp" 20
"../../../Engine/Plugins/Interchange/Runtime/Content/Pipelines/DefaultGLTFSceneAssetsPipeline.uasset" 21
"../../../Engine/Plugins/Interchange/Runtime/Content/Pipelines/DefaultGLTFSceneAssetsPipeline.uexp" 22
"../../../Engine/Plugins/Interchange/Runtime/Content/Pipelines/DefaultGLTFPipeline.uasset" 23
"../../../Engine/Plugins/Interchange/Runtime/Content/Pipelines/DefaultGLTFPipeline.uexp" 24
"../../../Engine/Plugins/Interchange/Runtime/Content/Pipelines/DefaultGLTFAssetsPipeline.uasset" 25
"../../../Engine/Plugins/Interchange/Runtime/Content/Pipelines/DefaultGLTFAssetsPipeline.uexp" 26
"../../../Engine/Plugins/Interchange/Runtime/Content/Pipelines/DefaultAssetsPipeline.uasset" 27
"../../../Engine/Plugins/Interchange/Runtime/Content/Pipelines/DefaultAssetsPipeline.uexp" 28
"../../../Engine/Plugins/Animation/ControlRig/Content/Controls/DefaultGizmoLibraryNormalized.uasset" 29
"../../../Engine/Plugins/Animation/ControlRig/Content/Controls/DefaultGizmoLibraryNormalized.uexp" 30
"../../../Engine/Content/EngineSounds/Master.uasset" 31
"../../../Engine/Content/EngineSounds/Master.uexp" 32
"../../../Engine/Content/EngineMaterials/DefaultPhysicalMaterial.uasset" 33
"../../../Engine/Content/EngineMaterials/DefaultPhysicalMaterial.uexp" 34
"../../../Engine/Content/EngineMaterials/DefaultDestructiblePhysicalMaterial.uasset" 35
"../../../Engine/Content/EngineMaterials/DefaultDestructiblePhysicalMaterial.uexp" 36
"../../../Engine/Content/EngineFonts/Faces/RobotoLight.uexp" 37
"../../../Engine/Content/EngineFonts/Faces/RobotoLight.uasset" 38
"../../../Engine/Content/EngineFonts/Faces/RobotoLight.ufont" 39
"../../../Engine/Content/EngineFonts/Faces/RobotoBold.uexp" 40
"../../../Engine/Content/EngineFonts/Faces/RobotoBold.uasset" 41
"../../../Engine/Content/EngineFonts/Faces/RobotoBold.ufont" 42
"../../../Engine/Content/EngineFonts/Faces/RobotoRegular.uexp" 43
"../../../Engine/Content/EngineFonts/Faces/RobotoRegular.uasset" 44
"../../../Engine/Content/EngineFonts/Faces/RobotoRegular.ufont" 45
"../../../Engine/Content/EngineFonts/Faces/DroidSansFallback.uexp" 46
"../../../Engine/Content/EngineFonts/Faces/DroidSansFallback.uasset" 47
"../../../Engine/Content/EngineFonts/Faces/DroidSansFallback.ufont" 48
"../../../Engine/Content/EngineFonts/Faces/RobotoItalic.uexp" 49
"../../../Engine/Content/EngineFonts/Faces/RobotoItalic.uasset" 50
"../../../Engine/Content/EngineFonts/Faces/RobotoItalic.ufont" 51
"../../../Engine/Content/EngineFonts/Faces/RobotoBoldItalic.uexp" 52
"../../../Engine/Content/EngineFonts/Faces/RobotoBoldItalic.uasset" 53
"../../../Engine/Content/EngineFonts/Faces/RobotoBoldItalic.ufont" 54
"../../../Engine/Content/EngineFonts/Roboto.uasset" 55
"../../../Engine/Content/EngineFonts/Roboto.uexp" 56
"../../../Engine/Content/MobileResources/HUD/VirtualJoystick_Background.uasset" 57
"../../../Engine/Content/MobileResources/HUD/VirtualJoystick_Background.uexp" 58
"../../../Engine/Content/MobileResources/HUD/VirtualJoystick_Thumb.uasset" 59
"../../../Engine/Content/MobileResources/HUD/VirtualJoystick_Thumb.uexp" 60
"../../../Engine/Content/MobileResources/HUD/DefaultVirtualJoysticks.uasset" 61
"../../../Engine/Content/MobileResources/HUD/DefaultVirtualJoysticks.uexp" 62
"../../../Engine/Content/EditorResources/S_Actor.ubulk" 63
"../../../Engine/Content/EditorResources/S_Actor.uasset" 64
"../../../Engine/Content/EditorResources/S_Actor.uexp" 65
"../../../Engine/Plugins/Runtime/AudioWidgets/Content/Resources/ScrubHandleDown_Clamped.uasset" 66
"../../../Engine/Plugins/Runtime/AudioWidgets/Content/Resources/ScrubHandleDown_Clamped.uexp" 67
"../../../Engine/Content/EngineResources/GradientTexture0.uasset" 68
"../../../Engine/Content/EngineResources/GradientTexture0.uexp" 69
"../../../Engine/Content/EngineResources/DefaultTexture.ubulk" 70
"../../../Engine/Content/EngineResources/DefaultTexture.uasset" 71
"../../../Engine/Content/EngineResources/DefaultTexture.uexp" 72
"../../../Engine/Content/EngineResources/Black.uasset" 73
"../../../Engine/Content/EngineResources/Black.uexp" 74
"../../../Engine/Content/EngineMaterials/PreintegratedSkinBRDF.uasset" 75
"../../../Engine/Content/EngineMaterials/PreintegratedSkinBRDF.uexp" 76
"../../../Engine/Content/EngineMaterials/MiniFont.uasset" 77
"../../../Engine/Content/EngineMaterials/MiniFont.uexp" 78
"../../../Engine/Content/EngineMaterials/FastBlueNoise_vec2_128x128x64.uasset" 79
"../../../Engine/Content/EngineMaterials/FastBlueNoise_vec2_128x128x64.uexp" 80
"../../../Engine/Content/EngineMaterials/FastBlueNoise_scalar_128x128x64.uasset" 81
"../../../Engine/Content/EngineMaterials/FastBlueNoise_scalar_128x128x64.uexp" 82
"../../../Engine/Content/EngineMaterials/DefaultWhiteGrid.ubulk" 83
"../../../Engine/Content/EngineMaterials/DefaultWhiteGrid.uasset" 84
"../../../Engine/Content/EngineMaterials/DefaultWhiteGrid.uexp" 85
"../../../Engine/Content/EngineMaterials/DefaultBokeh.uasset" 86
"../../../Engine/Content/EngineMaterials/DefaultBokeh.uexp" 87
"../../../Engine/Content/EngineMaterials/DefaultBloomKernel.uasset" 88
"../../../Engine/Content/EngineMaterials/DefaultBloomKernel.uexp" 89
"../../../Engine/Content/EngineDamageTypes/DmgTypeBP_Environmental.uasset" 90
"../../../Engine/Content/EngineDamageTypes/DmgTypeBP_Environmental.uexp" 91
"../../../Engine/Content/EditorResources/S_TriggerSphere.uasset" 92
"../../../Engine/Content/EditorResources/S_TriggerSphere.uexp" 93
"../../../Engine/Content/EditorResources/S_TriggerCapsule.uasset" 94
"../../../Engine/Content/EditorResources/S_TriggerCapsule.uexp" 95
"../../../Engine/Content/EditorResources/S_TriggerBox.uasset" 96
"../../../Engine/Content/EditorResources/S_TriggerBox.uexp" 97
"../../../Engine/Content/EditorResources/S_Trigger.ubulk" 98
"../../../Engine/Content/EditorResources/S_Trigger.uasset" 99
"../../../Engine/Content/EditorResources/S_Trigger.uexp" 100
"../../../Engine/Content/EditorResources/S_Terrain.ubulk" 101
"../../../Engine/Content/EditorResources/S_Terrain.uasset" 102
"../../../Engine/Content/EditorResources/S_Terrain.uexp" 103
"../../../Engine/Content/EditorResources/S_Solver.ubulk" 104
"../../../Engine/Content/EditorResources/S_Solver.uasset" 105
"../../../Engine/Content/EditorResources/S_Solver.uexp" 106
"../../../Engine/Content/EditorResources/S_BoxReflectionCapture.uasset" 107
"../../../Engine/Content/EditorResources/S_BoxReflectionCapture.uexp" 108
"../../../Engine/Content/EditorResources/EmptyActor.uasset" 109
"../../../Engine/Content/EditorResources/EmptyActor.uexp" 110
"../../../Engine/Content/EditorResources/BSPVertex.uasset" 111
"../../../Engine/Content/EditorResources/BSPVertex.uexp" 112
"../../../Engine/Content/EditorLandscapeResources/DefaultAlphaTexture.uasset" 113
"../../../Engine/Content/EditorLandscapeResources/DefaultAlphaTexture.uexp" 114
"../../../Engine/Content/EngineResources/FilmGrains/Marcie_Grain_v3_128_M2_000.uasset" 115
"../../../Engine/Content/EngineResources/FilmGrains/Marcie_Grain_v3_128_M2_000.uexp" 116
"../../../Engine/Content/EngineMaterials/LTC/Sheen_LTC.uasset" 117
"../../../Engine/Content/EngineMaterials/LTC/Sheen_LTC.uexp" 118
"../../../Engine/Content/EngineMaterials/LTC/GGX_LTCMat.uasset" 119
"../../../Engine/Content/EngineMaterials/LTC/GGX_LTCMat.uexp" 120
"../../../Engine/Content/EngineMaterials/LTC/GGX_LTCAmp.uasset" 121
"../../../Engine/Content/EngineMaterials/LTC/GGX_LTCAmp.uexp" 122
"../../../Engine/Content/EngineMaterials/EnergyConservation/Sheen_Energy.uasset" 123
"../../../Engine/Content/EngineMaterials/EnergyConservation/Sheen_Energy.uexp" 124
"../../../Engine/Content/EngineMaterials/EnergyConservation/SheenLegacy_Energy.uasset" 125
"../../../Engine/Content/EngineMaterials/EnergyConservation/SheenLegacy_Energy.uexp" 126
"../../../Engine/Content/EngineMaterials/EnergyConservation/GGX_TransmissionEnergyArray.uasset" 127
"../../../Engine/Content/EngineMaterials/EnergyConservation/GGX_TransmissionEnergyArray.uexp" 128
"../../../Engine/Content/EngineMaterials/EnergyConservation/GGX_ReflectionEnergy.uasset" 129
"../../../Engine/Content/EngineMaterials/EnergyConservation/GGX_ReflectionEnergy.uexp" 130
"../../../Engine/Content/EngineMaterials/EnergyConservation/Diffuse_Energy.uasset" 131
"../../../Engine/Content/EngineMaterials/EnergyConservation/Diffuse_Energy.uexp" 132
"../../../Engine/Content/EditorResources/SequenceRecorder/RecordingIndicator.uasset" 133
"../../../Engine/Content/EditorResources/SequenceRecorder/RecordingIndicator.uexp" 134
"../../../Engine/Content/EditorResources/SequenceRecorder/Countdown.uasset" 135
"../../../Engine/Content/EditorResources/SequenceRecorder/Countdown.uexp" 136
"../../../Engine/Content/EditorMaterials/ParticleSystems/PSysThumbnail_OOD.ubulk" 137
"../../../Engine/Content/EditorMaterials/ParticleSystems/PSysThumbnail_OOD.uasset" 138
"../../../Engine/Content/EditorMaterials/ParticleSystems/PSysThumbnail_OOD.uexp" 139
"../../../Engine/Content/EditorMaterials/ParticleSystems/PSysThumbnail_NoImage.ubulk" 140
"../../../Engine/Content/EditorMaterials/ParticleSystems/PSysThumbnail_NoImage.uasset" 141
"../../../Engine/Content/EditorMaterials/ParticleSystems/PSysThumbnail_NoImage.uexp" 142
"C:/Users/camer/OneDrive/Documents/GitHub/EscapeVector/EscapeVector/Content/StarterContent/Materials/M_Basic_Wall.uasset" 143
"C:/Users/camer/OneDrive/Documents/GitHub/EscapeVector/EscapeVector/Content/StarterContent/Materials/M_Basic_Wall.uexp" 144
"C:/Users/camer/OneDrive/Documents/GitHub/EscapeVector/EscapeVector/Content/StarterContent/Shapes/Shape_Cylinder.ubulk" 145
"C:/Users/camer/OneDrive/Documents/GitHub/EscapeVector/EscapeVector/Content/StarterContent/Shapes/Shape_Cylinder.uasset" 146
"C:/Users/camer/OneDrive/Documents/GitHub/EscapeVector/EscapeVector/Content/StarterContent/Shapes/Shape_Cylinder.uexp" 147
"C:/Users/camer/OneDrive/Documents/GitHub/EscapeVector/EscapeVector/Content/StarterContent/Textures/T_Shelf_N.ubulk" 148
"C:/Users/camer/OneDrive/Documents/GitHub/EscapeVector/EscapeVector/Content/StarterContent/Textures/T_Shelf_N.uasset" 149
"C:/Users/camer/OneDrive/Documents/GitHub/EscapeVector/EscapeVector/Content/StarterContent/Textures/T_Shelf_N.uexp" 150
"C:/Users/camer/OneDrive/Documents/GitHub/EscapeVector/EscapeVector/Content/StarterContent/Textures/T_Shelf_M.ubulk" 151
"C:/Users/camer/OneDrive/Documents/GitHub/EscapeVector/EscapeVector/Content/StarterContent/Textures/T_Shelf_M.uasset" 152
"C:/Users/camer/OneDrive/Documents/GitHub/EscapeVector/EscapeVector/Content/StarterContent/Textures/T_Shelf_M.uexp" 153
"C:/Users/camer/OneDrive/Documents/GitHub/EscapeVector/EscapeVector/Content/StarterContent/Props/Materials/M_Shelf.uasset" 154
"C:/Users/camer/OneDrive/Documents/GitHub/EscapeVector/EscapeVector/Content/StarterContent/Props/Materials/M_Shelf.uexp" 155
"C:/Users/camer/OneDrive/Documents/GitHub/EscapeVector/EscapeVector/Content/Obsticles/BP_Laser.uasset" 156
"C:/Users/camer/OneDrive/Documents/GitHub/EscapeVector/EscapeVector/Content/Obsticles/BP_Laser.uexp" 157
"../../../Engine/Content/EngineResources/DefaultTextureCube.uasset" 158
"../../../Engine/Content/EngineResources/DefaultTextureCube.uexp" 159
"../../../Engine/Content/EngineResources/DefaultVolumeTexture2D.uasset" 160
"../../../Engine/Content/EngineResources/DefaultVolumeTexture2D.uexp" 161
"../../../Engine/Content/EngineResources/DefaultVolumeTexture.uasset" 162
"../../../Engine/Content/EngineResources/DefaultVolumeTexture.uexp" 163
"../../../Engine/Content/Functions/Engine_MaterialFunctions02/WorldPositionOffset/CameraOffset.uasset" 164
"../../../Engine/Content/Functions/Engine_MaterialFunctions02/WorldPositionOffset/CameraOffset.uexp" 165
"../../../Engine/Plugins/Animation/ControlRig/Content/M_Manip.uasset" 166
"../../../Engine/Plugins/Animation/ControlRig/Content/M_Manip.uexp" 167
"../../../Engine/Plugins/Runtime/MeshModelingToolset/Content/Materials/M_DynamicMeshComponentVtxColor.uasset" 168
"../../../Engine/Plugins/Runtime/MeshModelingToolset/Content/Materials/M_DynamicMeshComponentVtxColor.uexp" 169
"../../../Engine/Plugins/Runtime/HairStrands/Content/Materials/HairMeshesDefaultMaterial.uasset" 170
"../../../Engine/Plugins/Runtime/HairStrands/Content/Materials/HairMeshesDefaultMaterial.uexp" 171
"../../../Engine/Plugins/Runtime/HairStrands/Content/Materials/HairDefaultMaterial.uasset" 172
"../../../Engine/Plugins/Runtime/HairStrands/Content/Materials/HairDefaultMaterial.uexp" 173
"../../../Engine/Plugins/Runtime/HairStrands/Content/Materials/HairGroupColors.uasset" 174
"../../../Engine/Plugins/Runtime/HairStrands/Content/Materials/HairGroupColors.uexp" 175
"../../../Engine/Content/Functions/Engine_MaterialFunctions02/Utility/MakeFloat2.uasset" 176
"../../../Engine/Content/Functions/Engine_MaterialFunctions02/Utility/MakeFloat2.uexp" 177
"../../../Engine/Content/Functions/Engine_MaterialFunctions02/Utility/MakeFloat3.uasset" 178
"../../../Engine/Content/Functions/Engine_MaterialFunctions02/Utility/MakeFloat3.uexp" 179
"../../../Engine/Content/EngineMaterials/HairColorMap.uasset" 180
"../../../Engine/Content/EngineMaterials/HairColorMap.uexp" 181
"../../../Engine/Content/EngineMaterials/HairDebugColor.uasset" 182
"../../../Engine/Content/EngineMaterials/HairDebugColor.uexp" 183
"../../../Engine/Plugins/Runtime/HairStrands/Content/Materials/HairDebugMaterial.uasset" 184
"../../../Engine/Plugins/Runtime/HairStrands/Content/Materials/HairDebugMaterial.uexp" 185
"../../../Engine/Plugins/Runtime/HairStrands/Content/Materials/HairCardsDefaultMaterial.uasset" 186
"../../../Engine/Plugins/Runtime/HairStrands/Content/Materials/HairCardsDefaultMaterial.uexp" 187
"../../../Engine/Plugins/Interchange/Assets/Content/Functions/MX_UsdPreviewSurface.uasset" 188
"../../../Engine/Plugins/Interchange/Assets/Content/Functions/MX_UsdPreviewSurface.uexp" 189
"../../../Engine/Plugins/Interchange/Assets/Content/Functions/MX_UniformEDF.uasset" 190
"../../../Engine/Plugins/Interchange/Assets/Content/Functions/MX_UniformEDF.uexp" 191
"../../../Engine/Plugins/Interchange/Assets/Content/Functions/MX_TranslucentBSDF.uasset" 192
"../../../Engine/Plugins/Interchange/Assets/Content/Functions/MX_TranslucentBSDF.uexp" 193
"../../../Engine/Plugins/Interchange/Assets/Content/Functions/MX_ThinFilmBSDF.uasset" 194
"../../../Engine/Plugins/Interchange/Assets/Content/Functions/MX_ThinFilmBSDF.uexp" 195
"../../../Engine/Plugins/Interchange/Assets/Content/Functions/MX_SurfaceUnlit.uasset" 196
"../../../Engine/Plugins/Interchange/Assets/Content/Functions/MX_SurfaceUnlit.uexp" 197
"../../../Engine/Plugins/Interchange/Assets/Content/Functions/MX_Surface.uasset" 198
"../../../Engine/Plugins/Interchange/Assets/Content/Functions/MX_Surface.uexp" 199
"../../../Engine/Plugins/Interchange/Assets/Content/Functions/MX_SubsurfaceBSDF.uasset" 200
"../../../Engine/Plugins/Interchange/Assets/Content/Functions/MX_SubsurfaceBSDF.uexp" 201
"../../../Engine/Plugins/Interchange/Assets/Content/Functions/MX_SheenBSDF.uasset" 202
"../../../Engine/Plugins/Interchange/Assets/Content/Functions/MX_SheenBSDF.uexp" 203
"../../../Engine/Plugins/Interchange/Assets/Content/Functions/MX_OrenNayarBSDF.uasset" 204
"../../../Engine/Plugins/Interchange/Assets/Content/Functions/MX_OrenNayarBSDF.uexp" 205
"../../../Engine/Plugins/Interchange/Assets/Content/Utilities/New_LUT.uasset" 206
"../../../Engine/Plugins/Interchange/Assets/Content/Utilities/New_LUT.uexp" 207
"../../../Engine/Content/Functions/Engine_MaterialFunctions03/Math/RemapValueRange.uasset" 208
"../../../Engine/Content/Functions/Engine_MaterialFunctions03/Math/RemapValueRange.uexp" 209
"../../../Engine/Plugins/Interchange/Assets/Content/Functions/MF_Iridescence.uasset" 210
"../../../Engine/Plugins/Interchange/Assets/Content/Functions/MF_Iridescence.uexp" 211
"../../../Engine/Plugins/Interchange/Assets/Content/Functions/MX_StandardSurface.uasset" 212
"../../../Engine/Plugins/Interchange/Assets/Content/Functions/MX_StandardSurface.uexp" 213
"../../../Engine/Plugins/Interchange/Assets/Content/Functions/MX_TransmissionSurface.uasset" 214
"../../../Engine/Plugins/Interchange/Assets/Content/Functions/MX_TransmissionSurface.uexp" 215
"../../../Engine/Plugins/Interchange/Assets/Content/Functions/MX_OpenPBR_Translucent.uasset" 216
"../../../Engine/Plugins/Interchange/Assets/Content/Functions/MX_OpenPBR_Translucent.uexp" 217
"../../../Engine/Plugins/Interchange/Assets/Content/Functions/MX_OpenPBR_Opaque.uasset" 218
"../../../Engine/Plugins/Interchange/Assets/Content/Functions/MX_OpenPBR_Opaque.uexp" 219
"../../../Engine/Plugins/Interchange/Assets/Content/Functions/MX_MeasuredEDF.uasset" 220
"../../../Engine/Plugins/Interchange/Assets/Content/Functions/MX_MeasuredEDF.uexp" 221
"../../../Engine/Plugins/Interchange/Assets/Content/Functions/MX_GeneralizedSchlickBSDF.uasset" 222
"../../../Engine/Plugins/Interchange/Assets/Content/Functions/MX_GeneralizedSchlickBSDF.uexp" 223
"../../../Engine/Plugins/Interchange/Assets/Content/Functions/MX_DielectricBSDF.uasset" 224
"../../../Engine/Plugins/Interchange/Assets/Content/Functions/MX_DielectricBSDF.uexp" 225
"../../../Engine/Plugins/Interchange/Assets/Content/Functions/MX_ConicalEDF.uasset" 226
"../../../Engine/Plugins/Interchange/Assets/Content/Functions/MX_ConicalEDF.uexp" 227
"../../../Engine/Plugins/Interchange/Assets/Content/Functions/MX_ConductorBSDF.uasset" 228
"../../../Engine/Plugins/Interchange/Assets/Content/Functions/MX_ConductorBSDF.uexp" 229
"../../../Engine/Plugins/Interchange/Assets/Content/Functions/MX_BurleyDiffuseBSDF.uasset" 230
"../../../Engine/Plugins/Interchange/Assets/Content/Functions/MX_BurleyDiffuseBSDF.uexp" 231
"../../../Engine/Plugins/Interchange/Assets/Content/Functions/MX_AnisotropicVDF.uasset" 232
"../../../Engine/Plugins/Interchange/Assets/Content/Functions/MX_AnisotropicVDF.uexp" 233
"../../../Engine/Plugins/Interchange/Assets/Content/Functions/MX_AbsorptionVDF.uasset" 234
"../../../Engine/Plugins/Interchange/Assets/Content/Functions/MX_AbsorptionVDF.uexp" 235
"../../../Engine/Plugins/Editor/SpeedTreeImporter/Content/SpeedTree9/game_wind_noise.ubulk" 236
"../../../Engine/Plugins/Editor/SpeedTreeImporter/Content/SpeedTree9/game_wind_noise.uasset" 237
"../../../Engine/Plugins/Editor/SpeedTreeImporter/Content/SpeedTree9/game_wind_noise.uexp" 238
"../../../Engine/Plugins/Editor/SpeedTreeImporter/Content/SpeedTree9/UnpackDirection.uasset" 239
"../../../Engine/Plugins/Editor/SpeedTreeImporter/Content/SpeedTree9/UnpackDirection.uexp" 240
"../../../Engine/Content/Functions/Engine_MaterialFunctions02/ObjectLocalBounds.uasset" 241
"../../../Engine/Content/Functions/Engine_MaterialFunctions02/ObjectLocalBounds.uexp" 242
"../../../Engine/Content/Functions/Engine_MaterialFunctions02/Utility/BreakOutFloat3Components.uasset" 243
"../../../Engine/Content/Functions/Engine_MaterialFunctions02/Utility/BreakOutFloat3Components.uexp" 244
"../../../Engine/Content/Functions/Engine_MaterialFunctions02/UVs/BoundingBoxBased_0-1_UVW.uasset" 245
"../../../Engine/Content/Functions/Engine_MaterialFunctions02/UVs/BoundingBoxBased_0-1_UVW.uexp" 246
"../../../Engine/Content/Functions/Engine_MaterialFunctions02/Utility/VectorLength.uasset" 247
"../../../Engine/Content/Functions/Engine_MaterialFunctions02/Utility/VectorLength.uexp" 248
"../../../Engine/Plugins/Editor/SpeedTreeImporter/Content/SpeedTree9/UnpackInteger3.uasset" 249
"../../../Engine/Plugins/Editor/SpeedTreeImporter/Content/SpeedTree9/UnpackInteger3.uexp" 250
"../../../Engine/Plugins/Editor/SpeedTreeImporter/Content/SpeedTree9/SpeedTreeCameraFacing.uasset" 251
"../../../Engine/Plugins/Editor/SpeedTreeImporter/Content/SpeedTree9/SpeedTreeCameraFacing.uexp" 252
"../../../Engine/Content/Functions/Engine_MaterialFunctions02/WorldPositionOffset/ObjectScale.uasset" 253
"../../../Engine/Content/Functions/Engine_MaterialFunctions02/WorldPositionOffset/ObjectScale.uexp" 254
"../../../Engine/Content/Functions/Engine_MaterialFunctions02/SafeNormalize.uasset" 255
"../../../Engine/Content/Functions/Engine_MaterialFunctions02/SafeNormalize.uexp" 256
"../../../Engine/Plugins/Editor/SpeedTreeImporter/Content/SpeedTree9/SpeedTreeWindMotion.uasset" 257
"../../../Engine/Plugins/Editor/SpeedTreeImporter/Content/SpeedTree9/SpeedTreeWindMotion.uexp" 258
"../../../Engine/Plugins/Editor/SpeedTreeImporter/Content/SpeedTree9/SpeedTreeBranchMotion.uasset" 259
"../../../Engine/Plugins/Editor/SpeedTreeImporter/Content/SpeedTree9/SpeedTreeBranchMotion.uexp" 260
"../../../Engine/Plugins/Editor/SpeedTreeImporter/Content/SpeedTree9/SpeedTreeWind.uasset" 261
"../../../Engine/Plugins/Editor/SpeedTreeImporter/Content/SpeedTree9/SpeedTreeWind.uexp" 262
"../../../Engine/Plugins/Editor/SpeedTreeImporter/Content/SpeedTree9/EmptyNormal.uasset" 263
"../../../Engine/Plugins/Editor/SpeedTreeImporter/Content/SpeedTree9/EmptyNormal.uexp" 264
"../../../Engine/Plugins/Editor/SpeedTreeImporter/Content/SpeedTree9/Empty.uasset" 265
"../../../Engine/Plugins/Editor/SpeedTreeImporter/Content/SpeedTree9/Empty.uexp" 266
"../../../Engine/Plugins/Editor/SpeedTreeImporter/Content/SpeedTree9/SpeedTreeMaster.uasset" 267
"../../../Engine/Plugins/Editor/SpeedTreeImporter/Content/SpeedTree9/SpeedTreeMaster.uexp" 268
"../../../Engine/Plugins/Editor/SpeedTreeImporter/Content/SpeedTree9/SpeedTreeBillboard.uasset" 269
"../../../Engine/Plugins/Editor/SpeedTreeImporter/Content/SpeedTree9/SpeedTreeBillboard.uexp" 270
"../../../Engine/Plugins/Editor/SpeedTreeImporter/Content/SpeedTree9/SpeedTreeBillboardMaster.uasset" 271
"../../../Engine/Plugins/Editor/SpeedTreeImporter/Content/SpeedTree9/SpeedTreeBillboardMaster.uexp" 272
"../../../Engine/Plugins/Animation/ControlRig/Content/Controls/ControlRigXRayMaterial.uasset" 273
"../../../Engine/Plugins/Animation/ControlRig/Content/Controls/ControlRigXRayMaterial.uexp" 274
"../../../Engine/Plugins/Animation/ControlRig/Content/Controls/ControlRigGizmoMaterial.uasset" 275
"../../../Engine/Plugins/Animation/ControlRig/Content/Controls/ControlRigGizmoMaterial.uexp" 276
"../../../Engine/Content/EngineMaterials/RemoveSurfaceMaterial.uasset" 277
"../../../Engine/Content/EngineMaterials/RemoveSurfaceMaterial.uexp" 278
"../../../Engine/Content/EngineMaterials/DefaultCalibrationGrayscale.uasset" 279
"../../../Engine/Content/EngineMaterials/DefaultCalibrationGrayscale.uexp" 280
"../../../Engine/Content/EngineMaterials/PPM_DefaultCalibrationGrayscale.uasset" 281
"../../../Engine/Content/EngineMaterials/PPM_DefaultCalibrationGrayscale.uexp" 282
"../../../Engine/Content/EngineMaterials/DefaultCalibrationColor.uasset" 283
"../../../Engine/Content/EngineMaterials/DefaultCalibrationColor.uexp" 284
"../../../Engine/Content/EngineMaterials/PPM_DefaultCalibrationColor.uasset" 285
"../../../Engine/Content/EngineMaterials/PPM_DefaultCalibrationColor.uexp" 286
"../../../Engine/Content/EngineMaterials/PhAT_JointLimitMaterial.uasset" 287
"../../../Engine/Content/EngineMaterials/PhAT_JointLimitMaterial.uexp" 288
"../../../Engine/Content/EngineMaterials/NaniteHiddenSectionMaterial.uasset" 289
"../../../Engine/Content/EngineMaterials/NaniteHiddenSectionMaterial.uexp" 290
"../../../Engine/Content/EngineMaterials/InvalidLightmapSettings.ubulk" 291
"../../../Engine/Content/EngineMaterials/InvalidLightmapSettings.uasset" 292
"../../../Engine/Content/EngineMaterials/InvalidLightmapSettings.uexp" 293
"../../../Engine/Content/EngineMaterials/M_InvalidLightmapSettings.uasset" 294
"../../../Engine/Content/EngineMaterials/M_InvalidLightmapSettings.uexp" 295
"../../../Engine/Content/EngineMaterials/GizmoMaterial.uasset" 296
"../../../Engine/Content/EngineMaterials/GizmoMaterial.uexp" 297
"../../../Engine/Content/EngineMaterials/BaseFlattenEmissiveMap_VT.uasset" 298
"../../../Engine/Content/EngineMaterials/BaseFlattenEmissiveMap_VT.uexp" 299
"../../../Engine/Content/EngineMaterials/BaseFlattenGrayscaleMap_VT.uasset" 300
"../../../Engine/Content/EngineMaterials/BaseFlattenGrayscaleMap_VT.uexp" 301
"../../../Engine/Content/EngineMaterials/BaseFlattenLinearColor_VT.uasset" 302
"../../../Engine/Content/EngineMaterials/BaseFlattenLinearColor_VT.uexp" 303
"../../../Engine/Content/EngineMaterials/Black_1x1_EXR_Texture_VT.uasset" 304
"../../../Engine/Content/EngineMaterials/Black_1x1_EXR_Texture_VT.uexp" 305
"../../../Engine/Content/EngineMaterials/BaseFlattenDiffuseMap_VT.uasset" 306
"../../../Engine/Content/EngineMaterials/BaseFlattenDiffuseMap_VT.uexp" 307
"../../../Engine/Content/EngineMaterials/BaseFlattenNormalMap_VT.uasset" 308
"../../../Engine/Content/EngineMaterials/BaseFlattenNormalMap_VT.uexp" 309
"../../../Engine/Content/EngineMaterials/FlattenMaterial_WS_Normal_VT.uasset" 310
"../../../Engine/Content/EngineMaterials/FlattenMaterial_WS_Normal_VT.uexp" 311
"../../../Engine/Content/EngineMaterials/FlattenMaterial_VT.uasset" 312
"../../../Engine/Content/EngineMaterials/FlattenMaterial_VT.uexp" 313
"../../../Engine/Content/EngineMaterials/BaseFlattenNormalMap.uasset" 314
"../../../Engine/Content/EngineMaterials/BaseFlattenNormalMap.uexp" 315
"../../../Engine/Content/EngineMaterials/BaseFlattenGrayscaleMap.uasset" 316
"../../../Engine/Content/EngineMaterials/BaseFlattenGrayscaleMap.uexp" 317
"../../../Engine/Content/EngineMaterials/BaseFlattenDiffuseMap.uasset" 318
"../../../Engine/Content/EngineMaterials/BaseFlattenDiffuseMap.uexp" 319
"../../../Engine/Content/Functions/Engine_MaterialFunctions02/PivotPainter2/Black_1x1_EXR_Texture.uasset" 320
"../../../Engine/Content/Functions/Engine_MaterialFunctions02/PivotPainter2/Black_1x1_EXR_Texture.uexp" 321
"../../../Engine/Content/EngineMaterials/BaseFlattenEmissiveMap.uasset" 322
"../../../Engine/Content/EngineMaterials/BaseFlattenEmissiveMap.uexp" 323
"../../../Engine/Content/EngineMaterials/BaseFlattenLinearColor.uasset" 324
"../../../Engine/Content/EngineMaterials/BaseFlattenLinearColor.uexp" 325
"../../../Engine/Content/EngineMaterials/FlattenMaterial.uasset" 326
"../../../Engine/Content/EngineMaterials/FlattenMaterial.uexp" 327
"../../../Engine/Content/EngineMaterials/DefaultWhiteGrid_Low.uasset" 328
"../../../Engine/Content/EngineMaterials/DefaultWhiteGrid_Low.uexp" 329
"../../../Engine/Content/EngineMaterials/EmissiveMeshMaterial.uasset" 330
"../../../Engine/Content/EngineMaterials/EmissiveMeshMaterial.uexp" 331
"../../../Engine/Content/EngineFonts/RobotoDistanceField.uasset" 332
"../../../Engine/Content/EngineFonts/RobotoDistanceField.uexp" 333
"../../../Engine/Content/EngineMaterials/DefaultTextMaterialOpaque.uasset" 334
"../../../Engine/Content/EngineMaterials/DefaultTextMaterialOpaque.uexp" 335
"../../../Engine/Content/EngineMaterials/DefaultDiffuse.ubulk" 336
"../../../Engine/Content/EngineMaterials/DefaultDiffuse.uasset" 337
"../../../Engine/Content/EngineMaterials/DefaultDiffuse.uexp" 338
"../../../Engine/Content/Functions/Engine_MaterialFunctions02/Utility/BreakOutFloat2Components.uasset" 339
"../../../Engine/Content/Functions/Engine_MaterialFunctions02/Utility/BreakOutFloat2Components.uexp" 340
"../../../Engine/Content/EngineMaterials/DefaultPostProcessMaterial.uasset" 341
"../../../Engine/Content/EngineMaterials/DefaultPostProcessMaterial.uexp" 342
"../../../Engine/Content/EngineMaterials/DefaultLightFunctionMaterial.uasset" 343
"../../../Engine/Content/EngineMaterials/DefaultLightFunctionMaterial.uexp" 344
"../../../Engine/Content/EngineMaterials/DefaultDeferredDecalMaterial.uasset" 345
"../../../Engine/Content/EngineMaterials/DefaultDeferredDecalMaterial.uexp" 346
"../../../Engine/Content/Functions/Engine_MaterialFunctions02/Utility/CameraDirectionVector.uasset" 347
"../../../Engine/Content/Functions/Engine_MaterialFunctions02/Utility/CameraDirectionVector.uexp" 348
"../../../Engine/Content/EngineDebugMaterials/VolumeToRender.uasset" 349
"../../../Engine/Content/EngineDebugMaterials/VolumeToRender.uexp" 350
"../../../Engine/Content/EngineDebugMaterials/M_VolumeRenderSphereTracePP.uasset" 351
"../../../Engine/Content/EngineDebugMaterials/M_VolumeRenderSphereTracePP.uexp" 352
"../../../Engine/Content/EngineDebugMaterials/M_SimpleUnlitTranslucent.uasset" 353
"../../../Engine/Content/EngineDebugMaterials/M_SimpleUnlitTranslucent.uexp" 354
"../../../Engine/Content/EngineDebugMaterials/DebugMeshMaterial.uasset" 355
"../../../Engine/Content/EngineDebugMaterials/DebugMeshMaterial.uexp" 356
"../../../Engine/Content/EngineDebugMaterials/DebugEditorMaterial.uasset" 357
"../../../Engine/Content/EngineDebugMaterials/DebugEditorMaterial.uexp" 358
"../../../Engine/Content/EditorMaterials/PreviewShadowIndicator.ubulk" 359
"../../../Engine/Content/EditorMaterials/PreviewShadowIndicator.uasset" 360
"../../../Engine/Content/EditorMaterials/PreviewShadowIndicator.uexp" 361
"../../../Engine/Content/EditorMaterials/PreviewShadowIndicatorMaterial.uasset" 362
"../../../Engine/Content/EditorMaterials/PreviewShadowIndicatorMaterial.uexp" 363
"../../../Engine/Content/EditorMaterials/PhAT_UnselectedMaterial.uasset" 364
"../../../Engine/Content/EditorMaterials/PhAT_UnselectedMaterial.uexp" 365
"../../../Engine/Content/EditorMaterials/PhAT_NoCollisionMaterial.uasset" 366
"../../../Engine/Content/EditorMaterials/PhAT_NoCollisionMaterial.uexp" 367
"../../../Engine/Content/EditorMaterials/Dataflow/DataflowVertexMaterial.uasset" 368
"../../../Engine/Content/EditorMaterials/Dataflow/DataflowVertexMaterial.uexp" 369
"../../../Engine/Content/EditorMaterials/Dataflow/DataflowTwoSidedVertexMaterial.uasset" 370
"../../../Engine/Content/EditorMaterials/Dataflow/DataflowTwoSidedVertexMaterial.uexp" 371
"../../../Engine/Content/EngineMaterials/Substrate/Volume/SubstrateSimpleVolumeLUT3D.uasset" 372
"../../../Engine/Content/EngineMaterials/Substrate/Volume/SubstrateSimpleVolumeLUT3D.uexp" 373
"../../../Engine/Content/EngineMaterials/Substrate/Volume/SubstrateSimpleVolumeEnvLUT3D.uasset" 374
"../../../Engine/Content/EngineMaterials/Substrate/Volume/SubstrateSimpleVolumeEnvLUT3D.uexp" 375
"../../../Engine/Content/Functions/Engine_MaterialFunctions01/Shading/PowerToRoughness.uasset" 376
"../../../Engine/Content/Functions/Engine_MaterialFunctions01/Shading/PowerToRoughness.uexp" 377
"../../../Engine/Content/Functions/Engine_MaterialFunctions01/Shading/ConvertFromDiffSpec.uasset" 378
"../../../Engine/Content/Functions/Engine_MaterialFunctions01/Shading/ConvertFromDiffSpec.uexp" 379
"../../../Engine/Content/EngineMeshes/Sphere.ubulk" 380
"../../../Engine/Content/EngineMeshes/Sphere.uasset" 381
"../../../Engine/Content/EngineMeshes/Sphere.uexp" 382
"C:/Users/camer/OneDrive/Documents/GitHub/EscapeVector/EscapeVector/Content/Characters/Mannequins/Meshes/SK_Mannequin.uasset" 383
"C:/Users/camer/OneDrive/Documents/GitHub/EscapeVector/EscapeVector/Content/Characters/Mannequins/Meshes/SK_Mannequin.uexp" 384
"C:/Users/camer/OneDrive/Documents/GitHub/EscapeVector/EscapeVector/Content/Characters/Mannequins/Rigs/Poses/Manny/Manny_foot_l_pose.uasset" 385
"C:/Users/camer/OneDrive/Documents/GitHub/EscapeVector/EscapeVector/Content/Characters/Mannequins/Rigs/Poses/Manny/Manny_foot_l_pose.uexp" 386
"C:/Users/camer/OneDrive/Documents/GitHub/EscapeVector/EscapeVector/Content/Characters/Mannequins/Rigs/Poses/Manny/Manny_thigh_r_pose.uasset" 387
"C:/Users/camer/OneDrive/Documents/GitHub/EscapeVector/EscapeVector/Content/Characters/Mannequins/Rigs/Poses/Manny/Manny_thigh_r_pose.uexp" 388
"C:/Users/camer/OneDrive/Documents/GitHub/EscapeVector/EscapeVector/Content/Characters/Mannequins/Rigs/Poses/Manny/Manny_hand_r_pose.uasset" 389
"C:/Users/camer/OneDrive/Documents/GitHub/EscapeVector/EscapeVector/Content/Characters/Mannequins/Rigs/Poses/Manny/Manny_hand_r_pose.uexp" 390
"C:/Users/camer/OneDrive/Documents/GitHub/EscapeVector/EscapeVector/Content/Characters/Mannequins/Rigs/Poses/Manny/Manny_clavicle_l_pose.uasset" 391
"C:/Users/camer/OneDrive/Documents/GitHub/EscapeVector/EscapeVector/Content/Characters/Mannequins/Rigs/Poses/Manny/Manny_clavicle_l_pose.uexp" 392
"C:/Users/camer/OneDrive/Documents/GitHub/EscapeVector/EscapeVector/Content/Characters/Mannequins/Rigs/Poses/Manny/Manny_calf_l_pose.uasset" 393
"C:/Users/camer/OneDrive/Documents/GitHub/EscapeVector/EscapeVector/Content/Characters/Mannequins/Rigs/Poses/Manny/Manny_calf_l_pose.uexp" 394
"C:/Users/camer/OneDrive/Documents/GitHub/EscapeVector/EscapeVector/Content/Characters/Mannequins/Rigs/Poses/Manny/Manny_hand_l_pose.uasset" 395
"C:/Users/camer/OneDrive/Documents/GitHub/EscapeVector/EscapeVector/Content/Characters/Mannequins/Rigs/Poses/Manny/Manny_hand_l_pose.uexp" 396
"../../../Engine/Plugins/Animation/ControlRig/Content/Controls/DefaultGizmoLibrary.uasset" 397
"../../../Engine/Plugins/Animation/ControlRig/Content/Controls/DefaultGizmoLibrary.uexp" 398
"C:/Users/camer/OneDrive/Documents/GitHub/EscapeVector/EscapeVector/Content/Characters/Mannequins/Rigs/CR_Mannequin_Procedural.uasset" 399
"C:/Users/camer/OneDrive/Documents/GitHub/EscapeVector/EscapeVector/Content/Characters/Mannequins/Rigs/CR_Mannequin_Procedural.uexp" 400
"C:/Users/camer/OneDrive/Documents/GitHub/EscapeVector/EscapeVector/Content/Characters/Mannequins/Rigs/Poses/Manny/Manny_upperarm_r_pose.uasset" 401
"C:/Users/camer/OneDrive/Documents/GitHub/EscapeVector/EscapeVector/Content/Characters/Mannequins/Rigs/Poses/Manny/Manny_upperarm_r_pose.uexp" 402
"C:/Users/camer/OneDrive/Documents/GitHub/EscapeVector/EscapeVector/Content/Characters/Mannequins/Rigs/Poses/Manny/Manny_lowerarm_r_pose.uasset" 403
"C:/Users/camer/OneDrive/Documents/GitHub/EscapeVector/EscapeVector/Content/Characters/Mannequins/Rigs/Poses/Manny/Manny_lowerarm_r_pose.uexp" 404
"C:/Users/camer/OneDrive/Documents/GitHub/EscapeVector/EscapeVector/Content/Characters/Mannequins/Rigs/Poses/Manny/Manny_calf_r_pose.uasset" 405
"C:/Users/camer/OneDrive/Documents/GitHub/EscapeVector/EscapeVector/Content/Characters/Mannequins/Rigs/Poses/Manny/Manny_calf_r_pose.uexp" 406
"C:/Users/camer/OneDrive/Documents/GitHub/EscapeVector/EscapeVector/Content/Characters/Mannequins/Rigs/Poses/Manny/Manny_foot_r_pose.uasset" 407
"C:/Users/camer/OneDrive/Documents/GitHub/EscapeVector/EscapeVector/Content/Characters/Mannequins/Rigs/Poses/Manny/Manny_foot_r_pose.uexp" 408
"C:/Users/camer/OneDrive/Documents/GitHub/EscapeVector/EscapeVector/Content/Characters/Mannequins/Rigs/Poses/Manny/Manny_lowerarm_l_pose.uasset" 409
"C:/Users/camer/OneDrive/Documents/GitHub/EscapeVector/EscapeVector/Content/Characters/Mannequins/Rigs/Poses/Manny/Manny_lowerarm_l_pose.uexp" 410
"C:/Users/camer/OneDrive/Documents/GitHub/EscapeVector/EscapeVector/Content/Characters/Mannequins/Rigs/Poses/Manny/Manny_clavicle_r_pose.uasset" 411
"C:/Users/camer/OneDrive/Documents/GitHub/EscapeVector/EscapeVector/Content/Characters/Mannequins/Rigs/Poses/Manny/Manny_clavicle_r_pose.uexp" 412
"C:/Users/camer/OneDrive/Documents/GitHub/EscapeVector/EscapeVector/Content/Characters/Mannequins/Rigs/Poses/Manny/Manny_thigh_l_pose.uasset" 413
"C:/Users/camer/OneDrive/Documents/GitHub/EscapeVector/EscapeVector/Content/Characters/Mannequins/Rigs/Poses/Manny/Manny_thigh_l_pose.uexp" 414
"C:/Users/camer/OneDrive/Documents/GitHub/EscapeVector/EscapeVector/Content/Characters/Mannequins/Rigs/Poses/Manny/Manny_upperarm_l_pose.uasset" 415
"C:/Users/camer/OneDrive/Documents/GitHub/EscapeVector/EscapeVector/Content/Characters/Mannequins/Rigs/Poses/Manny/Manny_upperarm_l_pose.uexp" 416
"C:/Users/camer/OneDrive/Documents/GitHub/EscapeVector/EscapeVector/Content/Characters/Mannequins/Rigs/ABP_Manny_PostProcess.uasset" 417
"C:/Users/camer/OneDrive/Documents/GitHub/EscapeVector/EscapeVector/Content/Characters/Mannequins/Rigs/ABP_Manny_PostProcess.uexp" 418
"C:/Users/camer/OneDrive/Documents/GitHub/EscapeVector/EscapeVector/Content/Characters/Mannequins/Textures/Manny/T_Manny_02_MSR_MSK.ubulk" 419
"C:/Users/camer/OneDrive/Documents/GitHub/EscapeVector/EscapeVector/Content/Characters/Mannequins/Textures/Manny/T_Manny_02_MSR_MSK.uasset" 420
"C:/Users/camer/OneDrive/Documents/GitHub/EscapeVector/EscapeVector/Content/Characters/Mannequins/Textures/Manny/T_Manny_02_MSR_MSK.uexp" 421
"C:/Users/camer/OneDrive/Documents/GitHub/EscapeVector/EscapeVector/Content/Characters/Mannequins/Textures/Manny/T_Manny_02_CCRCCPlastic_MSK.ubulk" 422
"C:/Users/camer/OneDrive/Documents/GitHub/EscapeVector/EscapeVector/Content/Characters/Mannequins/Textures/Manny/T_Manny_02_CCRCCPlastic_MSK.uasset" 423
"C:/Users/camer/OneDrive/Documents/GitHub/EscapeVector/EscapeVector/Content/Characters/Mannequins/Textures/Manny/T_Manny_02_CCRCCPlastic_MSK.uexp" 424
"C:/Users/camer/OneDrive/Documents/GitHub/EscapeVector/EscapeVector/Content/Characters/Mannequins/Textures/Manny/T_Manny_02_Tan.ubulk" 425
"C:/Users/camer/OneDrive/Documents/GitHub/EscapeVector/EscapeVector/Content/Characters/Mannequins/Textures/Manny/T_Manny_02_Tan.uasset" 426
"C:/Users/camer/OneDrive/Documents/GitHub/EscapeVector/EscapeVector/Content/Characters/Mannequins/Textures/Manny/T_Manny_02_Tan.uexp" 427
"C:/Users/camer/OneDrive/Documents/GitHub/EscapeVector/EscapeVector/Content/Characters/Mannequins/Textures/Manny/T_Manny_02_N.ubulk" 428
"C:/Users/camer/OneDrive/Documents/GitHub/EscapeVector/EscapeVector/Content/Characters/Mannequins/Textures/Manny/T_Manny_02_N.uasset" 429
"C:/Users/camer/OneDrive/Documents/GitHub/EscapeVector/EscapeVector/Content/Characters/Mannequins/Textures/Manny/T_Manny_02_N.uexp" 430
"C:/Users/camer/OneDrive/Documents/GitHub/EscapeVector/EscapeVector/Content/Characters/Mannequins/Textures/Manny/T_Manny_01_N.ubulk" 431
"C:/Users/camer/OneDrive/Documents/GitHub/EscapeVector/EscapeVector/Content/Characters/Mannequins/Textures/Manny/T_Manny_01_N.uasset" 432
"C:/Users/camer/OneDrive/Documents/GitHub/EscapeVector/EscapeVector/Content/Characters/Mannequins/Textures/Manny/T_Manny_01_N.uexp" 433
"C:/Users/camer/OneDrive/Documents/GitHub/EscapeVector/EscapeVector/Content/Characters/Mannequins/Materials/Functions/ChromaticCurve.uasset" 434
"C:/Users/camer/OneDrive/Documents/GitHub/EscapeVector/EscapeVector/Content/Characters/Mannequins/Materials/Functions/ChromaticCurve.uexp" 435
"C:/Users/camer/OneDrive/Documents/GitHub/EscapeVector/EscapeVector/Content/Characters/Mannequins/Materials/Functions/CA_Mannequin.uasset" 436
"C:/Users/camer/OneDrive/Documents/GitHub/EscapeVector/EscapeVector/Content/Characters/Mannequins/Materials/Functions/CA_Mannequin.uexp" 437
"C:/Users/camer/OneDrive/Documents/GitHub/EscapeVector/EscapeVector/Content/Characters/Mannequins/Materials/Functions/MF_Diffraction.uasset" 438
"C:/Users/camer/OneDrive/Documents/GitHub/EscapeVector/EscapeVector/Content/Characters/Mannequins/Materials/Functions/MF_Diffraction.uexp" 439
"C:/Users/camer/OneDrive/Documents/GitHub/EscapeVector/EscapeVector/Content/Characters/Mannequins/Materials/Functions/ML_BaseColorFallOff.uasset" 440
"C:/Users/camer/OneDrive/Documents/GitHub/EscapeVector/EscapeVector/Content/Characters/Mannequins/Materials/Functions/ML_BaseColorFallOff.uexp" 441
"../../../Engine/Content/Functions/Engine_MaterialFunctions01/Texturing/ScaleUVsByCenter.uasset" 442
"../../../Engine/Content/Functions/Engine_MaterialFunctions01/Texturing/ScaleUVsByCenter.uexp" 443
"C:/Users/camer/OneDrive/Documents/GitHub/EscapeVector/EscapeVector/Content/Characters/Mannequins/Textures/Shared/T_UE_Logo_M.uasset" 444
"C:/Users/camer/OneDrive/Documents/GitHub/EscapeVector/EscapeVector/Content/Characters/Mannequins/Textures/Shared/T_UE_Logo_M.uexp" 445
"C:/Users/camer/OneDrive/Documents/GitHub/EscapeVector/EscapeVector/Content/Characters/Mannequins/Materials/Functions/MF_logo3layers.uasset" 446
"C:/Users/camer/OneDrive/Documents/GitHub/EscapeVector/EscapeVector/Content/Characters/Mannequins/Materials/Functions/MF_logo3layers.uexp" 447
"C:/Users/camer/OneDrive/Documents/GitHub/EscapeVector/EscapeVector/Content/Characters/Mannequins/Textures/Manny/T_Manny_01_CCRCCPlastic_MSK.ubulk" 448
"C:/Users/camer/OneDrive/Documents/GitHub/EscapeVector/EscapeVector/Content/Characters/Mannequins/Textures/Manny/T_Manny_01_CCRCCPlastic_MSK.uasset" 449
"C:/Users/camer/OneDrive/Documents/GitHub/EscapeVector/EscapeVector/Content/Characters/Mannequins/Textures/Manny/T_Manny_01_CCRCCPlastic_MSK.uexp" 450
"C:/Users/camer/OneDrive/Documents/GitHub/EscapeVector/EscapeVector/Content/Characters/Mannequins/Textures/Manny/T_Manny_01_ASAOPMASK_MSK.ubulk" 451
"C:/Users/camer/OneDrive/Documents/GitHub/EscapeVector/EscapeVector/Content/Characters/Mannequins/Textures/Manny/T_Manny_01_ASAOPMASK_MSK.uasset" 452
"C:/Users/camer/OneDrive/Documents/GitHub/EscapeVector/EscapeVector/Content/Characters/Mannequins/Textures/Manny/T_Manny_01_ASAOPMASK_MSK.uexp" 453
"C:/Users/camer/OneDrive/Documents/GitHub/EscapeVector/EscapeVector/Content/Characters/Mannequins/Textures/Manny/T_Manny_01_MSR_MSK.ubulk" 454
"C:/Users/camer/OneDrive/Documents/GitHub/EscapeVector/EscapeVector/Content/Characters/Mannequins/Textures/Manny/T_Manny_01_MSR_MSK.uasset" 455
"C:/Users/camer/OneDrive/Documents/GitHub/EscapeVector/EscapeVector/Content/Characters/Mannequins/Textures/Manny/T_Manny_01_MSR_MSK.uexp" 456
"C:/Users/camer/OneDrive/Documents/GitHub/EscapeVector/EscapeVector/Content/Characters/Mannequins/Textures/Manny/T_Manny_01_BN.ubulk" 457
"C:/Users/camer/OneDrive/Documents/GitHub/EscapeVector/EscapeVector/Content/Characters/Mannequins/Textures/Manny/T_Manny_01_BN.uasset" 458
"C:/Users/camer/OneDrive/Documents/GitHub/EscapeVector/EscapeVector/Content/Characters/Mannequins/Textures/Manny/T_Manny_01_BN.uexp" 459
"C:/Users/camer/OneDrive/Documents/GitHub/EscapeVector/EscapeVector/Content/Characters/Mannequins/Textures/Manny/T_Manny_01_D.ubulk" 460
"C:/Users/camer/OneDrive/Documents/GitHub/EscapeVector/EscapeVector/Content/Characters/Mannequins/Textures/Manny/T_Manny_01_D.uasset" 461
"C:/Users/camer/OneDrive/Documents/GitHub/EscapeVector/EscapeVector/Content/Characters/Mannequins/Textures/Manny/T_Manny_01_D.uexp" 462
"C:/Users/camer/OneDrive/Documents/GitHub/EscapeVector/EscapeVector/Content/Characters/Mannequins/Textures/Manny/T_Manny_01_Tan.ubulk" 463
"C:/Users/camer/OneDrive/Documents/GitHub/EscapeVector/EscapeVector/Content/Characters/Mannequins/Textures/Manny/T_Manny_01_Tan.uasset" 464
"C:/Users/camer/OneDrive/Documents/GitHub/EscapeVector/EscapeVector/Content/Characters/Mannequins/Textures/Manny/T_Manny_01_Tan.uexp" 465
"C:/Users/camer/OneDrive/Documents/GitHub/EscapeVector/EscapeVector/Content/Characters/Mannequins/Materials/M_Mannequin.uasset" 466
"C:/Users/camer/OneDrive/Documents/GitHub/EscapeVector/EscapeVector/Content/Characters/Mannequins/Materials/M_Mannequin.uexp" 467
"C:/Users/camer/OneDrive/Documents/GitHub/EscapeVector/EscapeVector/Content/Characters/Mannequins/Materials/Instances/Manny/MI_Manny_01.uasset" 468
"C:/Users/camer/OneDrive/Documents/GitHub/EscapeVector/EscapeVector/Content/Characters/Mannequins/Materials/Instances/Manny/MI_Manny_01.uexp" 469
"C:/Users/camer/OneDrive/Documents/GitHub/EscapeVector/EscapeVector/Content/Characters/Mannequins/Textures/Manny/T_Manny_02_BN.ubulk" 470
"C:/Users/camer/OneDrive/Documents/GitHub/EscapeVector/EscapeVector/Content/Characters/Mannequins/Textures/Manny/T_Manny_02_BN.uasset" 471
"C:/Users/camer/OneDrive/Documents/GitHub/EscapeVector/EscapeVector/Content/Characters/Mannequins/Textures/Manny/T_Manny_02_BN.uexp" 472
"C:/Users/camer/OneDrive/Documents/GitHub/EscapeVector/EscapeVector/Content/Characters/Mannequins/Textures/Manny/T_Manny_02_ASAOPMASK_MSK.ubulk" 473
"C:/Users/camer/OneDrive/Documents/GitHub/EscapeVector/EscapeVector/Content/Characters/Mannequins/Textures/Manny/T_Manny_02_ASAOPMASK_MSK.uasset" 474
"C:/Users/camer/OneDrive/Documents/GitHub/EscapeVector/EscapeVector/Content/Characters/Mannequins/Textures/Manny/T_Manny_02_ASAOPMASK_MSK.uexp" 475
"C:/Users/camer/OneDrive/Documents/GitHub/EscapeVector/EscapeVector/Content/Characters/Mannequins/Textures/Manny/T_Manny_02_D.ubulk" 476
"C:/Users/camer/OneDrive/Documents/GitHub/EscapeVector/EscapeVector/Content/Characters/Mannequins/Textures/Manny/T_Manny_02_D.uasset" 477
"C:/Users/camer/OneDrive/Documents/GitHub/EscapeVector/EscapeVector/Content/Characters/Mannequins/Textures/Manny/T_Manny_02_D.uexp" 478
"C:/Users/camer/OneDrive/Documents/GitHub/EscapeVector/EscapeVector/Content/Characters/Mannequins/Materials/Instances/Manny/MI_Manny_02.uasset" 479
"C:/Users/camer/OneDrive/Documents/GitHub/EscapeVector/EscapeVector/Content/Characters/Mannequins/Materials/Instances/Manny/MI_Manny_02.uexp" 480
"C:/Users/camer/OneDrive/Documents/GitHub/EscapeVector/EscapeVector/Content/Characters/Mannequins/Rigs/PA_Mannequin.uasset" 481
"C:/Users/camer/OneDrive/Documents/GitHub/EscapeVector/EscapeVector/Content/Characters/Mannequins/Rigs/PA_Mannequin.uexp" 482
"C:/Users/camer/OneDrive/Documents/GitHub/EscapeVector/EscapeVector/Content/Characters/Mannequins/Meshes/SKM_Manny.uasset" 483
"C:/Users/camer/OneDrive/Documents/GitHub/EscapeVector/EscapeVector/Content/Characters/Mannequins/Meshes/SKM_Manny.uexp" 484
"C:/Users/camer/OneDrive/Documents/GitHub/EscapeVector/EscapeVector/Content/Actors/Tasks/BTTask_MoveRandomLocation.uasset" 485
"C:/Users/camer/OneDrive/Documents/GitHub/EscapeVector/EscapeVector/Content/Actors/Tasks/BTTask_MoveRandomLocation.uexp" 486
"C:/Users/camer/OneDrive/Documents/GitHub/EscapeVector/EscapeVector/Content/Actors/Tasks/BB_NPC.uasset" 487
"C:/Users/camer/OneDrive/Documents/GitHub/EscapeVector/EscapeVector/Content/Actors/Tasks/BB_NPC.uexp" 488
"C:/Users/camer/OneDrive/Documents/GitHub/EscapeVector/EscapeVector/Content/Actors/Tasks/BT_NPC.uasset" 489
"C:/Users/camer/OneDrive/Documents/GitHub/EscapeVector/EscapeVector/Content/Actors/Tasks/BT_NPC.uexp" 490
"C:/Users/camer/OneDrive/Documents/GitHub/EscapeVector/EscapeVector/Content/Actors/AI_Controller.uasset" 491
"C:/Users/camer/OneDrive/Documents/GitHub/EscapeVector/EscapeVector/Content/Actors/AI_Controller.uexp" 492
"../../../Engine/Content/Animation/DefaultAnimCurveCompressionSettings.uasset" 493
"../../../Engine/Content/Animation/DefaultAnimCurveCompressionSettings.uexp" 494
"../../../Engine/Content/Animation/DefaultVariableFrameStrippingSettings.uasset" 495
"../../../Engine/Content/Animation/DefaultVariableFrameStrippingSettings.uexp" 496
"../../../Engine/Content/Animation/DefaultAnimBoneCompressionSettings.uasset" 497
"../../../Engine/Content/Animation/DefaultAnimBoneCompressionSettings.uexp" 498
"C:/Users/camer/OneDrive/Documents/GitHub/EscapeVector/EscapeVector/Content/Characters/Mannequins/Animations/Manny/MM_Fall_Loop.uasset" 499
"C:/Users/camer/OneDrive/Documents/GitHub/EscapeVector/EscapeVector/Content/Characters/Mannequins/Animations/Manny/MM_Fall_Loop.uexp" 500
"C:/Users/camer/OneDrive/Documents/GitHub/EscapeVector/EscapeVector/Content/Characters/Mannequins/Animations/Manny/MM_Jump.uasset" 501
"C:/Users/camer/OneDrive/Documents/GitHub/EscapeVector/EscapeVector/Content/Characters/Mannequins/Animations/Manny/MM_Jump.uexp" 502
"C:/Users/camer/OneDrive/Documents/GitHub/EscapeVector/EscapeVector/Content/Characters/Mannequins/Rigs/CR_Mannequin_BasicFootIK.uasset" 503
"C:/Users/camer/OneDrive/Documents/GitHub/EscapeVector/EscapeVector/Content/Characters/Mannequins/Rigs/CR_Mannequin_BasicFootIK.uexp" 504
"C:/Users/camer/OneDrive/Documents/GitHub/EscapeVector/EscapeVector/Content/Characters/Mannequins/Animations/Manny/MM_Run_Fwd.uasset" 505
"C:/Users/camer/OneDrive/Documents/GitHub/EscapeVector/EscapeVector/Content/Characters/Mannequins/Animations/Manny/MM_Run_Fwd.uexp" 506
"C:/Users/camer/OneDrive/Documents/GitHub/EscapeVector/EscapeVector/Content/Characters/Mannequins/Animations/Manny/MM_Walk_Fwd.uasset" 507
"C:/Users/camer/OneDrive/Documents/GitHub/EscapeVector/EscapeVector/Content/Characters/Mannequins/Animations/Manny/MM_Walk_Fwd.uexp" 508
"../../../Engine/Content/Animation/DefaultRecorderBoneCompression.uasset" 509
"../../../Engine/Content/Animation/DefaultRecorderBoneCompression.uexp" 510
"C:/Users/camer/OneDrive/Documents/GitHub/EscapeVector/EscapeVector/Content/Characters/Mannequins/Animations/Manny/MM_Walk_InPlace.uasset" 511
"C:/Users/camer/OneDrive/Documents/GitHub/EscapeVector/EscapeVector/Content/Characters/Mannequins/Animations/Manny/MM_Walk_InPlace.uexp" 512
"C:/Users/camer/OneDrive/Documents/GitHub/EscapeVector/EscapeVector/Content/Characters/Mannequins/Animations/Manny/BS_MM_WalkRun.uasset" 513
"C:/Users/camer/OneDrive/Documents/GitHub/EscapeVector/EscapeVector/Content/Characters/Mannequins/Animations/Manny/BS_MM_WalkRun.uexp" 514
"C:/Users/camer/OneDrive/Documents/GitHub/EscapeVector/EscapeVector/Content/Characters/Mannequins/Animations/Manny/MM_Land.uasset" 515
"C:/Users/camer/OneDrive/Documents/GitHub/EscapeVector/EscapeVector/Content/Characters/Mannequins/Animations/Manny/MM_Land.uexp" 516
"C:/Users/camer/OneDrive/Documents/GitHub/EscapeVector/EscapeVector/Content/Characters/Mannequins/Animations/Manny/MM_Idle.uasset" 517
"C:/Users/camer/OneDrive/Documents/GitHub/EscapeVector/EscapeVector/Content/Characters/Mannequins/Animations/Manny/MM_Idle.uexp" 518
"C:/Users/camer/OneDrive/Documents/GitHub/EscapeVector/EscapeVector/Content/Characters/Mannequins/Animations/ABP_Manny.uasset" 519
"C:/Users/camer/OneDrive/Documents/GitHub/EscapeVector/EscapeVector/Content/Characters/Mannequins/Animations/ABP_Manny.uexp" 520
"C:/Users/camer/OneDrive/Documents/GitHub/EscapeVector/EscapeVector/Content/Actors/BP_DummyOfficer.uasset" 521
"C:/Users/camer/OneDrive/Documents/GitHub/EscapeVector/EscapeVector/Content/Actors/BP_DummyOfficer.uexp" 522
"../../../Engine/Content/EngineMaterials/T_Default_Material_Grid_M.ubulk" 523
"../../../Engine/Content/EngineMaterials/T_Default_Material_Grid_M.uasset" 524
"../../../Engine/Content/EngineMaterials/T_Default_Material_Grid_M.uexp" 525
"../../../Engine/Content/EngineMaterials/T_Default_Material_Grid_N.ubulk" 526
"../../../Engine/Content/EngineMaterials/T_Default_Material_Grid_N.uasset" 527
"../../../Engine/Content/EngineMaterials/T_Default_Material_Grid_N.uexp" 528
"../../../Engine/Content/Functions/Engine_MaterialFunctions01/Opacity/CameraDepthFade.uasset" 529
"../../../Engine/Content/Functions/Engine_MaterialFunctions01/Opacity/CameraDepthFade.uexp" 530
"../../../Engine/Content/EngineMaterials/WorldGridMaterial.uasset" 531
"../../../Engine/Content/EngineMaterials/WorldGridMaterial.uexp" 532
"../../../Engine/Content/ArtTools/RenderToTexture/Meshes/S_1_Unit_Plane.ubulk" 533
"../../../Engine/Content/ArtTools/RenderToTexture/Meshes/S_1_Unit_Plane.uasset" 534
"../../../Engine/Content/ArtTools/RenderToTexture/Meshes/S_1_Unit_Plane.uexp" 535
"../../../Engine/Content/EngineMaterials/Substrate/GLints/AGlintTex2dArray.uasset" 536
"../../../Engine/Content/EngineMaterials/Substrate/GLints/AGlintTex2dArray.uexp" 537
"../../../Engine/Content/EngineMaterials/Substrate/GLints2/AGlintTex2dArray2.uasset" 538
"../../../Engine/Content/EngineMaterials/Substrate/GLints2/AGlintTex2dArray2.uexp" 539
"../../../Engine/Content/EditorMaterials/Camera/CineMat.uasset" 540
"../../../Engine/Content/EditorMaterials/Camera/CineMat.uexp" 541
"../../../Engine/Content/EditorMaterials/Camera/MI_CineMat_Rig.uasset" 542
"../../../Engine/Content/EditorMaterials/Camera/MI_CineMat_Rig.uexp" 543
"../../../Engine/Content/EditorMeshes/Camera/SM_CraneRig_Arm.ubulk" 544
"../../../Engine/Content/EditorMeshes/Camera/SM_CraneRig_Arm.uasset" 545
"../../../Engine/Content/EditorMeshes/Camera/SM_CraneRig_Arm.uexp" 546
"../../../Engine/Content/EditorMeshes/Camera/SM_CraneRig_Base.ubulk" 547
"../../../Engine/Content/EditorMeshes/Camera/SM_CraneRig_Base.uasset" 548
"../../../Engine/Content/EditorMeshes/Camera/SM_CraneRig_Base.uexp" 549
"../../../Engine/Content/EditorMeshes/Camera/SM_CraneRig_Body.ubulk" 550
"../../../Engine/Content/EditorMeshes/Camera/SM_CraneRig_Body.uasset" 551
"../../../Engine/Content/EditorMeshes/Camera/SM_CraneRig_Body.uexp" 552
"../../../Engine/Content/EditorMeshes/Camera/SM_CraneRig_Mount.ubulk" 553
"../../../Engine/Content/EditorMeshes/Camera/SM_CraneRig_Mount.uasset" 554
"../../../Engine/Content/EditorMeshes/Camera/SM_CraneRig_Mount.uexp" 555
"../../../Engine/Content/EditorMeshes/Camera/SM_RailRig_Mount.ubulk" 556
"../../../Engine/Content/EditorMeshes/Camera/SM_RailRig_Mount.uasset" 557
"../../../Engine/Content/EditorMeshes/Camera/SM_RailRig_Mount.uexp" 558
"../../../Engine/Content/EditorMeshes/Camera/SM_RailRig_Track.ubulk" 559
"../../../Engine/Content/EditorMeshes/Camera/SM_RailRig_Track.uasset" 560
"../../../Engine/Content/EditorMeshes/Camera/SM_RailRig_Track.uexp" 561
"../../../Engine/Content/EngineSky/VolumetricClouds/T_CloudMask.ubulk" 562
"../../../Engine/Content/EngineSky/VolumetricClouds/T_CloudMask.uasset" 563
"../../../Engine/Content/EngineSky/VolumetricClouds/T_CloudMask.uexp" 564
"../../../Engine/Content/EngineSky/VolumetricClouds/VT_Lightning.uasset" 565
"../../../Engine/Content/EngineSky/VolumetricClouds/VT_Lightning.uexp" 566
"../../../Engine/Content/EngineSky/VolumetricClouds/T_Profile_08.ubulk" 567
"../../../Engine/Content/EngineSky/VolumetricClouds/T_Profile_08.uasset" 568
"../../../Engine/Content/EngineSky/VolumetricClouds/T_Profile_08.uexp" 569
"../../../Engine/Content/Functions/Engine_MaterialFunctions02/Utility/MakeFloat4.uasset" 570
"../../../Engine/Content/Functions/Engine_MaterialFunctions02/Utility/MakeFloat4.uexp" 571
"../../../Engine/Content/Functions/Engine_MaterialFunctions01/Units/Km-to-Cm.uasset" 572
"../../../Engine/Content/Functions/Engine_MaterialFunctions01/Units/Km-to-Cm.uexp" 573
"../../../Engine/Content/Functions/Engine_MaterialFunctions02/Utility/BreakOutFloat4Components.uasset" 574
"../../../Engine/Content/Functions/Engine_MaterialFunctions02/Utility/BreakOutFloat4Components.uexp" 575
"../../../Engine/Content/EngineSky/VolumetricClouds/T_CloudPattern.ubulk" 576
"../../../Engine/Content/EngineSky/VolumetricClouds/T_CloudPattern.uasset" 577
"../../../Engine/Content/EngineSky/VolumetricClouds/T_CloudPattern.uexp" 578
"../../../Engine/Content/EngineSky/VolumetricClouds/VT_PerlinWorley_Balanced.uasset" 579
"../../../Engine/Content/EngineSky/VolumetricClouds/VT_PerlinWorley_Balanced.uexp" 580
"../../../Engine/Content/EngineSky/VolumetricClouds/m_SimpleVolumetricCloud.uasset" 581
"../../../Engine/Content/EngineSky/VolumetricClouds/m_SimpleVolumetricCloud.uexp" 582
"../../../Engine/Content/EngineSky/VolumetricClouds/m_SimpleVolumetricCloud_Inst.uasset" 583
"../../../Engine/Content/EngineSky/VolumetricClouds/m_SimpleVolumetricCloud_Inst.uexp" 584
"../../../Engine/Content/VREditor/LaserPointer/VR_LaserPower_01.ubulk" 585
"../../../Engine/Content/VREditor/LaserPointer/VR_LaserPower_01.uasset" 586
"../../../Engine/Content/VREditor/LaserPointer/VR_LaserPower_01.uexp" 587
"../../../Engine/Content/VREditor/TransformGizmo/TransformGizmoMaterial.uasset" 588
"../../../Engine/Content/VREditor/TransformGizmo/TransformGizmoMaterial.uexp" 589
"../../../Engine/Content/VREditor/TransformGizmo/TranslucentTransformGizmoMaterial.uasset" 590
"../../../Engine/Content/VREditor/TransformGizmo/TranslucentTransformGizmoMaterial.uexp" 591
"../../../Engine/Content/VREditor/TransformGizmo/BoundingBoxCorner.ubulk" 592
"../../../Engine/Content/VREditor/TransformGizmo/BoundingBoxCorner.uasset" 593
"../../../Engine/Content/VREditor/TransformGizmo/BoundingBoxCorner.uexp" 594
"../../../Engine/Content/VREditor/TransformGizmo/BoundingBoxEdge.ubulk" 595
"../../../Engine/Content/VREditor/TransformGizmo/BoundingBoxEdge.uasset" 596
"../../../Engine/Content/VREditor/TransformGizmo/BoundingBoxEdge.uexp" 597
"../../../Engine/Content/VREditor/TransformGizmo/Main.uasset" 598
"../../../Engine/Content/VREditor/TransformGizmo/Main.uexp" 599
"../../../Engine/Content/VREditor/TransformGizmo/Xray.uasset" 600
"../../../Engine/Content/VREditor/TransformGizmo/Xray.uexp" 601
"../../../Engine/Content/VREditor/TransformGizmo/SM_Sequencer_Node.ubulk" 602
"../../../Engine/Content/VREditor/TransformGizmo/SM_Sequencer_Node.uasset" 603
"../../../Engine/Content/VREditor/TransformGizmo/SM_Sequencer_Node.uexp" 604
"../../../Engine/Content/Functions/Engine_MaterialFunctions02/Math/Transform3x3Matrix.uasset" 605
"../../../Engine/Content/Functions/Engine_MaterialFunctions02/Math/Transform3x3Matrix.uexp" 606
"../../../Engine/Plugins/Interchange/Assets/Content/gltf/Textures/T_White_srgb.uasset" 607
"../../../Engine/Plugins/Interchange/Assets/Content/gltf/Textures/T_White_srgb.uexp" 608
"../../../Engine/Plugins/Interchange/Assets/Content/gltf/MaterialFunctions/MF_Specular.uasset" 609
"../../../Engine/Plugins/Interchange/Assets/Content/gltf/MaterialFunctions/MF_Specular.uexp" 610
"../../../Engine/Plugins/Interchange/Assets/Content/gltf/Textures/T_Anisotropy_Direction_Linear.uasset" 611
"../../../Engine/Plugins/Interchange/Assets/Content/gltf/Textures/T_Anisotropy_Direction_Linear.uexp" 612
"../../../Engine/Plugins/Interchange/Assets/Content/gltf/MaterialFunctions/MF_SpecularAnisotropy.uasset" 613
"../../../Engine/Plugins/Interchange/Assets/Content/gltf/MaterialFunctions/MF_SpecularAnisotropy.uexp" 614
"../../../Engine/Plugins/Interchange/Assets/Content/gltf/Textures/T_White_Linear.uasset" 615
"../../../Engine/Plugins/Interchange/Assets/Content/gltf/Textures/T_White_Linear.uexp" 616
"../../../Engine/Plugins/Interchange/Assets/Content/gltf/MaterialFunctions/MF_MetallicRoughness.uasset" 617
"../../../Engine/Plugins/Interchange/Assets/Content/gltf/MaterialFunctions/MF_MetallicRoughness.uexp" 618
"../../../Engine/Plugins/Interchange/Assets/Content/gltf/Textures/T_Generic_N.uasset" 619
"../../../Engine/Plugins/Interchange/Assets/Content/gltf/Textures/T_Generic_N.uexp" 620
"../../../Engine/Plugins/Interchange/Assets/Content/gltf/MaterialFunctions/MF_ScaleNormal.uasset" 621
"../../../Engine/Plugins/Interchange/Assets/Content/gltf/MaterialFunctions/MF_ScaleNormal.uexp" 622
"../../../Engine/Plugins/Interchange/Assets/Content/gltf/MaterialFunctions/MF_BaseColor.uasset" 623
"../../../Engine/Plugins/Interchange/Assets/Content/gltf/MaterialFunctions/MF_BaseColor.uexp" 624
"../../../Engine/Plugins/Interchange/Assets/Content/gltf/MaterialFunctions/MF_Iridescence.uasset" 625
"../../../Engine/Plugins/Interchange/Assets/Content/gltf/MaterialFunctions/MF_Iridescence.uexp" 626
"../../../Engine/Plugins/Interchange/Assets/Content/gltf/MaterialFunctions/MF_Occlusion.uasset" 627
"../../../Engine/Plugins/Interchange/Assets/Content/gltf/MaterialFunctions/MF_Occlusion.uexp" 628
"../../../Engine/Plugins/Interchange/Assets/Content/gltf/MaterialFunctions/MF_IOR.uasset" 629
"../../../Engine/Plugins/Interchange/Assets/Content/gltf/MaterialFunctions/MF_IOR.uexp" 630
"../../../Engine/Plugins/Interchange/Assets/Content/gltf/MaterialFunctions/MF_RotateV2.uasset" 631
"../../../Engine/Plugins/Interchange/Assets/Content/gltf/MaterialFunctions/MF_RotateV2.uexp" 632
"../../../Engine/Plugins/Interchange/Assets/Content/gltf/MaterialFunctions/MF_TransformUVs.uasset" 633
"../../../Engine/Plugins/Interchange/Assets/Content/gltf/MaterialFunctions/MF_TransformUVs.uexp" 634
"../../../Engine/Plugins/Interchange/Assets/Content/gltf/MaterialFunctions/MF_Emissive.uasset" 635
"../../../Engine/Plugins/Interchange/Assets/Content/gltf/MaterialFunctions/MF_Emissive.uexp" 636
"../../../Engine/Plugins/Interchange/Assets/Content/gltf/MaterialFunctions/MF_RotateNormals_TS.uasset" 637
"../../../Engine/Plugins/Interchange/Assets/Content/gltf/MaterialFunctions/MF_RotateNormals_TS.uexp" 638
"../../../Engine/Plugins/Interchange/Assets/Content/gltf/MaterialFunctions/MF_Normals.uasset" 639
"../../../Engine/Plugins/Interchange/Assets/Content/gltf/MaterialFunctions/MF_Normals.uexp" 640
"../../../Engine/Content/Functions/Engine_MaterialFunctions01/Texturing/FlattenNormal.uasset" 641
"../../../Engine/Content/Functions/Engine_MaterialFunctions01/Texturing/FlattenNormal.uexp" 642
"../../../Engine/Plugins/Interchange/Assets/Content/gltf/MaterialFunctions/MF_Clearcoat.uasset" 643
"../../../Engine/Plugins/Interchange/Assets/Content/gltf/MaterialFunctions/MF_Clearcoat.uexp" 644
"../../../Engine/Plugins/Interchange/Assets/Content/gltf/MaterialBodies/MF_ClearCoat_Body.uasset" 645
"../../../Engine/Plugins/Interchange/Assets/Content/gltf/MaterialBodies/MF_ClearCoat_Body.uexp" 646
"../../../Engine/Plugins/Interchange/Assets/Content/gltf/M_ClearCoat.uasset" 647
"../../../Engine/Plugins/Interchange/Assets/Content/gltf/M_ClearCoat.uexp" 648
"../../../Engine/Plugins/Interchange/Assets/Content/gltf/MaterialInstances/MI_ClearCoat_Blend.uasset" 649
"../../../Engine/Plugins/Interchange/Assets/Content/gltf/MaterialInstances/MI_ClearCoat_Blend.uexp" 650
"../../../Engine/Plugins/Interchange/Assets/Content/gltf/MaterialInstances/MI_ClearCoat_Blend_DS.uasset" 651
"../../../Engine/Plugins/Interchange/Assets/Content/gltf/MaterialInstances/MI_ClearCoat_Blend_DS.uexp" 652
"../../../Engine/Plugins/Interchange/Assets/Content/gltf/MaterialInstances/MI_ClearCoat_Mask.uasset" 653
"../../../Engine/Plugins/Interchange/Assets/Content/gltf/MaterialInstances/MI_ClearCoat_Mask.uexp" 654
"../../../Engine/Plugins/Interchange/Assets/Content/gltf/MaterialInstances/MI_ClearCoat_Mask_DS.uasset" 655
"../../../Engine/Plugins/Interchange/Assets/Content/gltf/MaterialInstances/MI_ClearCoat_Mask_DS.uexp" 656
"../../../Engine/Plugins/Interchange/Assets/Content/gltf/MaterialInstances/MI_ClearCoat_Opaque.uasset" 657
"../../../Engine/Plugins/Interchange/Assets/Content/gltf/MaterialInstances/MI_ClearCoat_Opaque.uexp" 658
"../../../Engine/Plugins/Interchange/Assets/Content/gltf/MaterialInstances/MI_ClearCoat_Opaque_DS.uasset" 659
"../../../Engine/Plugins/Interchange/Assets/Content/gltf/MaterialInstances/MI_ClearCoat_Opaque_DS.uexp" 660
"../../../Engine/Plugins/Interchange/Assets/Content/gltf/MaterialBodies/MF_Default_Body.uasset" 661
"../../../Engine/Plugins/Interchange/Assets/Content/gltf/MaterialBodies/MF_Default_Body.uexp" 662
"../../../Engine/Plugins/Interchange/Assets/Content/gltf/M_Default.uasset" 663
"../../../Engine/Plugins/Interchange/Assets/Content/gltf/M_Default.uexp" 664
"../../../Engine/Plugins/Interchange/Assets/Content/gltf/MaterialInstances/MI_Default_Blend.uasset" 665
"../../../Engine/Plugins/Interchange/Assets/Content/gltf/MaterialInstances/MI_Default_Blend.uexp" 666
"../../../Engine/Plugins/Interchange/Assets/Content/gltf/MaterialInstances/MI_Default_Blend_DS.uasset" 667
"../../../Engine/Plugins/Interchange/Assets/Content/gltf/MaterialInstances/MI_Default_Blend_DS.uexp" 668
"../../../Engine/Plugins/Interchange/Assets/Content/gltf/MaterialInstances/MI_Default_Mask.uasset" 669
"../../../Engine/Plugins/Interchange/Assets/Content/gltf/MaterialInstances/MI_Default_Mask.uexp" 670
"../../../Engine/Plugins/Interchange/Assets/Content/gltf/MaterialInstances/MI_Default_Opaque.uasset" 671
"../../../Engine/Plugins/Interchange/Assets/Content/gltf/MaterialInstances/MI_Default_Opaque.uexp" 672
"../../../Engine/Plugins/Interchange/Assets/Content/gltf/MaterialFunctions/MF_Sheen.uasset" 673
"../../../Engine/Plugins/Interchange/Assets/Content/gltf/MaterialFunctions/MF_Sheen.uexp" 674
"../../../Engine/Plugins/Interchange/Assets/Content/gltf/MaterialBodies/MF_Sheen_Body.uasset" 675
"../../../Engine/Plugins/Interchange/Assets/Content/gltf/MaterialBodies/MF_Sheen_Body.uexp" 676
"../../../Engine/Plugins/Interchange/Assets/Content/gltf/M_Sheen.uasset" 677
"../../../Engine/Plugins/Interchange/Assets/Content/gltf/M_Sheen.uexp" 678
"../../../Engine/Plugins/Interchange/Assets/Content/gltf/MaterialInstances/MI_Sheen_Blend.uasset" 679
"../../../Engine/Plugins/Interchange/Assets/Content/gltf/MaterialInstances/MI_Sheen_Blend.uexp" 680
"../../../Engine/Plugins/Interchange/Assets/Content/gltf/MaterialInstances/MI_Sheen_Blend_DS.uasset" 681
"../../../Engine/Plugins/Interchange/Assets/Content/gltf/MaterialInstances/MI_Sheen_Blend_DS.uexp" 682
"../../../Engine/Plugins/Interchange/Assets/Content/gltf/MaterialInstances/MI_Sheen_Mask.uasset" 683
"../../../Engine/Plugins/Interchange/Assets/Content/gltf/MaterialInstances/MI_Sheen_Mask.uexp" 684
"../../../Engine/Plugins/Interchange/Assets/Content/gltf/MaterialInstances/MI_Sheen_Mask_DS.uasset" 685
"../../../Engine/Plugins/Interchange/Assets/Content/gltf/MaterialInstances/MI_Sheen_Mask_DS.uexp" 686
"../../../Engine/Plugins/Interchange/Assets/Content/gltf/MaterialInstances/MI_Sheen_Opaque.uasset" 687
"../../../Engine/Plugins/Interchange/Assets/Content/gltf/MaterialInstances/MI_Sheen_Opaque.uexp" 688
"../../../Engine/Plugins/Interchange/Assets/Content/gltf/MaterialInstances/MI_Sheen_Opaque_DS.uasset" 689
"../../../Engine/Plugins/Interchange/Assets/Content/gltf/MaterialInstances/MI_Sheen_Opaque_DS.uexp" 690
"../../../Engine/Content/Functions/Engine_MaterialFunctions02/Math/AddComponents.uasset" 691
"../../../Engine/Content/Functions/Engine_MaterialFunctions02/Math/AddComponents.uexp" 692
"../../../Engine/Plugins/Interchange/Assets/Content/gltf/MaterialFunctions/MF_DiffuseSpecGloss.uasset" 693
"../../../Engine/Plugins/Interchange/Assets/Content/gltf/MaterialFunctions/MF_DiffuseSpecGloss.uexp" 694
"../../../Engine/Plugins/Interchange/Assets/Content/gltf/MaterialFunctions/MF_PerceivedBrightness.uasset" 695
"../../../Engine/Plugins/Interchange/Assets/Content/gltf/MaterialFunctions/MF_PerceivedBrightness.uexp" 696
"../../../Engine/Plugins/Interchange/Assets/Content/gltf/MaterialFunctions/MF_SpecGlossToMetalRoughness.uasset" 697
"../../../Engine/Plugins/Interchange/Assets/Content/gltf/MaterialFunctions/MF_SpecGlossToMetalRoughness.uexp" 698
"../../../Engine/Plugins/Interchange/Assets/Content/gltf/MaterialFunctions/MF_MaxComponentValue.uasset" 699
"../../../Engine/Plugins/Interchange/Assets/Content/gltf/MaterialFunctions/MF_MaxComponentValue.uexp" 700
"../../../Engine/Plugins/Interchange/Assets/Content/gltf/MaterialBodies/MF_SpecularGlossiness_Body.uasset" 701
"../../../Engine/Plugins/Interchange/Assets/Content/gltf/MaterialBodies/MF_SpecularGlossiness_Body.uexp" 702
"../../../Engine/Plugins/Interchange/Assets/Content/gltf/M_SpecularGlossiness.uasset" 703
"../../../Engine/Plugins/Interchange/Assets/Content/gltf/M_SpecularGlossiness.uexp" 704
"../../../Engine/Plugins/Interchange/Assets/Content/gltf/MaterialInstances/MI_SpecularGlossiness_Blend.uasset" 705
"../../../Engine/Plugins/Interchange/Assets/Content/gltf/MaterialInstances/MI_SpecularGlossiness_Blend.uexp" 706
"../../../Engine/Plugins/Interchange/Assets/Content/gltf/MaterialInstances/MI_SpecularGlossiness_Blend_DS.uasset" 707
"../../../Engine/Plugins/Interchange/Assets/Content/gltf/MaterialInstances/MI_SpecularGlossiness_Blend_DS.uexp" 708
"../../../Engine/Plugins/Interchange/Assets/Content/gltf/MaterialInstances/MI_SpecularGlossiness_Mask.uasset" 709
"../../../Engine/Plugins/Interchange/Assets/Content/gltf/MaterialInstances/MI_SpecularGlossiness_Mask.uexp" 710
"../../../Engine/Plugins/Interchange/Assets/Content/gltf/MaterialInstances/MI_SpecularGlossiness_Mask_DS.uasset" 711
"../../../Engine/Plugins/Interchange/Assets/Content/gltf/MaterialInstances/MI_SpecularGlossiness_Mask_DS.uexp" 712
"../../../Engine/Plugins/Interchange/Assets/Content/gltf/MaterialInstances/MI_SpecularGlossiness_Opaque.uasset" 713
"../../../Engine/Plugins/Interchange/Assets/Content/gltf/MaterialInstances/MI_SpecularGlossiness_Opaque.uexp" 714
"../../../Engine/Plugins/Interchange/Assets/Content/gltf/MaterialInstances/MI_SpecularGlossiness_Opaque_DS.uasset" 715
"../../../Engine/Plugins/Interchange/Assets/Content/gltf/MaterialInstances/MI_SpecularGlossiness_Opaque_DS.uexp" 716
"../../../Engine/Content/EngineMaterials/Good64x64TilingNoiseHighFreq.uasset" 717
"../../../Engine/Content/EngineMaterials/Good64x64TilingNoiseHighFreq.uexp" 718
"../../../Engine/Content/Functions/Engine_MaterialFunctions02/Texturing/ScreenAlignedPixelToPixelUVs.uasset" 719
"../../../Engine/Content/Functions/Engine_MaterialFunctions02/Texturing/ScreenAlignedPixelToPixelUVs.uexp" 720
"../../../Engine/Plugins/Interchange/Assets/Content/gltf/MaterialFunctions/MF_Temporal_Blur.uasset" 721
"../../../Engine/Plugins/Interchange/Assets/Content/gltf/MaterialFunctions/MF_Temporal_Blur.uexp" 722
"../../../Engine/Plugins/Interchange/Assets/Content/gltf/MaterialFunctions/MF_Fresnel_DS.uasset" 723
"../../../Engine/Plugins/Interchange/Assets/Content/gltf/MaterialFunctions/MF_Fresnel_DS.uexp" 724
"../../../Engine/Plugins/Interchange/Assets/Content/gltf/MaterialFunctions/MF_Transmission.uasset" 725
"../../../Engine/Plugins/Interchange/Assets/Content/gltf/MaterialFunctions/MF_Transmission.uexp" 726
"../../../Engine/Plugins/Interchange/Assets/Content/gltf/MaterialBodies/MF_Transmission_Body.uasset" 727
"../../../Engine/Plugins/Interchange/Assets/Content/gltf/MaterialBodies/MF_Transmission_Body.uexp" 728
"../../../Engine/Plugins/Interchange/Assets/Content/gltf/M_Transmission.uasset" 729
"../../../Engine/Plugins/Interchange/Assets/Content/gltf/M_Transmission.uexp" 730
"../../../Engine/Plugins/Interchange/Assets/Content/gltf/MaterialInstances/MI_Transmission.uasset" 731
"../../../Engine/Plugins/Interchange/Assets/Content/gltf/MaterialInstances/MI_Transmission.uexp" 732
"../../../Engine/Plugins/Interchange/Assets/Content/gltf/MaterialInstances/MI_Transmission_DS.uasset" 733
"../../../Engine/Plugins/Interchange/Assets/Content/gltf/MaterialInstances/MI_Transmission_DS.uexp" 734
"../../../Engine/Plugins/Interchange/Assets/Content/gltf/MaterialBodies/MF_Unlit_Body.uasset" 735
"../../../Engine/Plugins/Interchange/Assets/Content/gltf/MaterialBodies/MF_Unlit_Body.uexp" 736
"../../../Engine/Plugins/Interchange/Assets/Content/gltf/M_Unlit.uasset" 737
"../../../Engine/Plugins/Interchange/Assets/Content/gltf/M_Unlit.uexp" 738
"../../../Engine/Plugins/Interchange/Assets/Content/gltf/MaterialInstances/MI_Unlit_Blend.uasset" 739
"../../../Engine/Plugins/Interchange/Assets/Content/gltf/MaterialInstances/MI_Unlit_Blend.uexp" 740
"../../../Engine/Plugins/Interchange/Assets/Content/gltf/MaterialInstances/MI_Unlit_Blend_DS.uasset" 741
"../../../Engine/Plugins/Interchange/Assets/Content/gltf/MaterialInstances/MI_Unlit_Blend_DS.uexp" 742
"../../../Engine/Plugins/Interchange/Assets/Content/gltf/MaterialInstances/MI_Unlit_Mask.uasset" 743
"../../../Engine/Plugins/Interchange/Assets/Content/gltf/MaterialInstances/MI_Unlit_Mask.uexp" 744
"../../../Engine/Plugins/Interchange/Assets/Content/gltf/MaterialInstances/MI_Unlit_Mask_DS.uasset" 745
"../../../Engine/Plugins/Interchange/Assets/Content/gltf/MaterialInstances/MI_Unlit_Mask_DS.uexp" 746
"../../../Engine/Plugins/Interchange/Assets/Content/gltf/MaterialInstances/MI_Unlit_Opaque.uasset" 747
"../../../Engine/Plugins/Interchange/Assets/Content/gltf/MaterialInstances/MI_Unlit_Opaque.uexp" 748
"../../../Engine/Plugins/Interchange/Assets/Content/gltf/MaterialInstances/MI_Unlit_Opaque_DS.uasset" 749
"../../../Engine/Plugins/Interchange/Assets/Content/gltf/MaterialInstances/MI_Unlit_Opaque_DS.uexp" 750
"../../../Engine/Content/EngineMaterials/DefaultMaterial.uasset" 751
"../../../Engine/Content/EngineMaterials/DefaultMaterial.uexp" 752
"../../../Engine/Content/BasicShapes/Cone.ubulk" 753
"../../../Engine/Content/BasicShapes/Cone.uasset" 754
"../../../Engine/Content/BasicShapes/Cone.uexp" 755
"../../../Engine/Content/BasicShapes/Cube.ubulk" 756
"../../../Engine/Content/BasicShapes/Cube.uasset" 757
"../../../Engine/Content/BasicShapes/Cube.uexp" 758
"../../../Engine/Content/BasicShapes/Cylinder.ubulk" 759
"../../../Engine/Content/BasicShapes/Cylinder.uasset" 760
"../../../Engine/Content/BasicShapes/Cylinder.uexp" 761
"../../../Engine/Content/BasicShapes/Plane.ubulk" 762
"../../../Engine/Content/BasicShapes/Plane.uasset" 763
"../../../Engine/Content/BasicShapes/Plane.uexp" 764
"../../../Engine/Content/EditorLandscapeResources/SplineEditorMeshMat.uasset" 765
"../../../Engine/Content/EditorLandscapeResources/SplineEditorMeshMat.uexp" 766
"../../../Engine/Content/EditorLandscapeResources/SplineEditorMesh.ubulk" 767
"../../../Engine/Content/EditorLandscapeResources/SplineEditorMesh.uasset" 768
"../../../Engine/Content/EditorLandscapeResources/SplineEditorMesh.uexp" 769
"../../../Engine/Content/EngineMaterials/WeightMapPlaceholderTexture.uasset" 770
"../../../Engine/Content/EngineMaterials/WeightMapPlaceholderTexture.uexp" 771
"../../../Engine/Content/EngineMaterials/WeightMapArrayPlaceholderTexture.uasset" 772
"../../../Engine/Content/EngineMaterials/WeightMapArrayPlaceholderTexture.uexp" 773
"../../../Engine/Content/EngineResources/WhiteSquareTexture.uasset" 774
"../../../Engine/Content/EngineResources/WhiteSquareTexture.uexp" 775
"../../../Engine/Content/EngineMaterials/Widget3DPassThrough.uasset" 776
"../../../Engine/Content/EngineMaterials/Widget3DPassThrough.uexp" 777
"../../../Engine/Content/EngineMaterials/Widget3DPassThrough_Masked.uasset" 778
"../../../Engine/Content/EngineMaterials/Widget3DPassThrough_Masked.uexp" 779
"../../../Engine/Content/EngineMaterials/Widget3DPassThrough_Opaque.uasset" 780
"../../../Engine/Content/EngineMaterials/Widget3DPassThrough_Opaque.uexp" 781
"../../../Engine/Content/EngineMaterials/Widget3DPassThrough_Masked_OneSided.uasset" 782
"../../../Engine/Content/EngineMaterials/Widget3DPassThrough_Masked_OneSided.uexp" 783
"../../../Engine/Content/EngineMaterials/Widget3DPassThrough_Opaque_OneSided.uasset" 784
"../../../Engine/Content/EngineMaterials/Widget3DPassThrough_Opaque_OneSided.uexp" 785
"../../../Engine/Content/EngineMaterials/Widget3DPassThrough_Translucent.uasset" 786
"../../../Engine/Content/EngineMaterials/Widget3DPassThrough_Translucent.uexp" 787
"../../../Engine/Content/EngineMaterials/Widget3DPassThrough_Translucent_OneSided.uasset" 788
"../../../Engine/Content/EngineMaterials/Widget3DPassThrough_Translucent_OneSided.uexp" 789
"../../../Engine/Plugins/Animation/ControlRig/Content/Controls/ControlRig_Arrow2_1mm.ubulk" 790
"../../../Engine/Plugins/Animation/ControlRig/Content/Controls/ControlRig_Arrow2_1mm.uasset" 791
"../../../Engine/Plugins/Animation/ControlRig/Content/Controls/ControlRig_Arrow2_1mm.uexp" 792
"../../../Engine/Plugins/Animation/ControlRig/Content/Controls/ControlRig_Arrow2_3mm.ubulk" 793
"../../../Engine/Plugins/Animation/ControlRig/Content/Controls/ControlRig_Arrow2_3mm.uasset" 794
"../../../Engine/Plugins/Animation/ControlRig/Content/Controls/ControlRig_Arrow2_3mm.uexp" 795
"../../../Engine/Plugins/Animation/ControlRig/Content/Controls/ControlRig_Arrow2_solid.ubulk" 796
"../../../Engine/Plugins/Animation/ControlRig/Content/Controls/ControlRig_Arrow2_solid.uasset" 797
"../../../Engine/Plugins/Animation/ControlRig/Content/Controls/ControlRig_Arrow2_solid.uexp" 798
"../../../Engine/Plugins/Animation/ControlRig/Content/Controls/ControlRig_Arrow4_1mm.ubulk" 799
"../../../Engine/Plugins/Animation/ControlRig/Content/Controls/ControlRig_Arrow4_1mm.uasset" 800
"../../../Engine/Plugins/Animation/ControlRig/Content/Controls/ControlRig_Arrow4_1mm.uexp" 801
"../../../Engine/Plugins/Animation/ControlRig/Content/Controls/ControlRig_Arrow4_3mm.ubulk" 802
"../../../Engine/Plugins/Animation/ControlRig/Content/Controls/ControlRig_Arrow4_3mm.uasset" 803
"../../../Engine/Plugins/Animation/ControlRig/Content/Controls/ControlRig_Arrow4_3mm.uexp" 804
"../../../Engine/Plugins/Animation/ControlRig/Content/Controls/ControlRig_Arrow4_solid.ubulk" 805
"../../../Engine/Plugins/Animation/ControlRig/Content/Controls/ControlRig_Arrow4_solid.uasset" 806
"../../../Engine/Plugins/Animation/ControlRig/Content/Controls/ControlRig_Arrow4_solid.uexp" 807
"../../../Engine/Plugins/Animation/ControlRig/Content/Controls/ControlRig_Arrow_1mm.ubulk" 808
"../../../Engine/Plugins/Animation/ControlRig/Content/Controls/ControlRig_Arrow_1mm.uasset" 809
"../../../Engine/Plugins/Animation/ControlRig/Content/Controls/ControlRig_Arrow_1mm.uexp" 810
"../../../Engine/Plugins/Animation/ControlRig/Content/Controls/ControlRig_Arrow_3mm.ubulk" 811
"../../../Engine/Plugins/Animation/ControlRig/Content/Controls/ControlRig_Arrow_3mm.uasset" 812
"../../../Engine/Plugins/Animation/ControlRig/Content/Controls/ControlRig_Arrow_3mm.uexp" 813
"../../../Engine/Plugins/Animation/ControlRig/Content/Controls/ControlRig_Arrow_solid.ubulk" 814
"../../../Engine/Plugins/Animation/ControlRig/Content/Controls/ControlRig_Arrow_solid.uasset" 815
"../../../Engine/Plugins/Animation/ControlRig/Content/Controls/ControlRig_Arrow_solid.uexp" 816
"../../../Engine/Plugins/Animation/ControlRig/Content/Controls/ControlRig_Box_1mm.ubulk" 817
"../../../Engine/Plugins/Animation/ControlRig/Content/Controls/ControlRig_Box_1mm.uasset" 818
"../../../Engine/Plugins/Animation/ControlRig/Content/Controls/ControlRig_Box_1mm.uexp" 819
"../../../Engine/Plugins/Animation/ControlRig/Content/Controls/ControlRig_Box_3mm.ubulk" 820
"../../../Engine/Plugins/Animation/ControlRig/Content/Controls/ControlRig_Box_3mm.uasset" 821
"../../../Engine/Plugins/Animation/ControlRig/Content/Controls/ControlRig_Box_3mm.uexp" 822
"../../../Engine/Plugins/Animation/ControlRig/Content/Controls/ControlRig_Box_solid.ubulk" 823
"../../../Engine/Plugins/Animation/ControlRig/Content/Controls/ControlRig_Box_solid.uasset" 824
"../../../Engine/Plugins/Animation/ControlRig/Content/Controls/ControlRig_Box_solid.uexp" 825
"../../../Engine/Plugins/Animation/ControlRig/Content/Controls/ControlRig_Circle_1mm.ubulk" 826
"../../../Engine/Plugins/Animation/ControlRig/Content/Controls/ControlRig_Circle_1mm.uasset" 827
"../../../Engine/Plugins/Animation/ControlRig/Content/Controls/ControlRig_Circle_1mm.uexp" 828
"../../../Engine/Plugins/Animation/ControlRig/Content/Controls/ControlRig_Circle_3mm.ubulk" 829
"../../../Engine/Plugins/Animation/ControlRig/Content/Controls/ControlRig_Circle_3mm.uasset" 830
"../../../Engine/Plugins/Animation/ControlRig/Content/Controls/ControlRig_Circle_3mm.uexp" 831
"../../../Engine/Plugins/Animation/ControlRig/Content/Controls/ControlRig_Circle_solid.ubulk" 832
"../../../Engine/Plugins/Animation/ControlRig/Content/Controls/ControlRig_Circle_solid.uasset" 833
"../../../Engine/Plugins/Animation/ControlRig/Content/Controls/ControlRig_Circle_solid.uexp" 834
"../../../Engine/Plugins/Animation/ControlRig/Content/Controls/ControlRig_Diamond_1mm.ubulk" 835
"../../../Engine/Plugins/Animation/ControlRig/Content/Controls/ControlRig_Diamond_1mm.uasset" 836
"../../../Engine/Plugins/Animation/ControlRig/Content/Controls/ControlRig_Diamond_1mm.uexp" 837
"../../../Engine/Plugins/Animation/ControlRig/Content/Controls/ControlRig_Diamond_3mm.ubulk" 838
"../../../Engine/Plugins/Animation/ControlRig/Content/Controls/ControlRig_Diamond_3mm.uasset" 839
"../../../Engine/Plugins/Animation/ControlRig/Content/Controls/ControlRig_Diamond_3mm.uexp" 840
"../../../Engine/Plugins/Animation/ControlRig/Content/Controls/ControlRig_Diamond_solid.ubulk" 841
"../../../Engine/Plugins/Animation/ControlRig/Content/Controls/ControlRig_Diamond_solid.uasset" 842
"../../../Engine/Plugins/Animation/ControlRig/Content/Controls/ControlRig_Diamond_solid.uexp" 843
"../../../Engine/Plugins/Animation/ControlRig/Content/Controls/ControlRig_HalfCircle_1mm.ubulk" 844
"../../../Engine/Plugins/Animation/ControlRig/Content/Controls/ControlRig_HalfCircle_1mm.uasset" 845
"../../../Engine/Plugins/Animation/ControlRig/Content/Controls/ControlRig_HalfCircle_1mm.uexp" 846
"../../../Engine/Plugins/Animation/ControlRig/Content/Controls/ControlRig_HalfCircle_3mm.ubulk" 847
"../../../Engine/Plugins/Animation/ControlRig/Content/Controls/ControlRig_HalfCircle_3mm.uasset" 848
"../../../Engine/Plugins/Animation/ControlRig/Content/Controls/ControlRig_HalfCircle_3mm.uexp" 849
"../../../Engine/Plugins/Animation/ControlRig/Content/Controls/ControlRig_HalfCircle_solid.ubulk" 850
"../../../Engine/Plugins/Animation/ControlRig/Content/Controls/ControlRig_HalfCircle_solid.uasset" 851
"../../../Engine/Plugins/Animation/ControlRig/Content/Controls/ControlRig_HalfCircle_solid.uexp" 852
"../../../Engine/Plugins/Animation/ControlRig/Content/Controls/ControlRig_Hexagon_1mm.ubulk" 853
"../../../Engine/Plugins/Animation/ControlRig/Content/Controls/ControlRig_Hexagon_1mm.uasset" 854
"../../../Engine/Plugins/Animation/ControlRig/Content/Controls/ControlRig_Hexagon_1mm.uexp" 855
"../../../Engine/Plugins/Animation/ControlRig/Content/Controls/ControlRig_Hexagon_3mm.ubulk" 856
"../../../Engine/Plugins/Animation/ControlRig/Content/Controls/ControlRig_Hexagon_3mm.uasset" 857
"../../../Engine/Plugins/Animation/ControlRig/Content/Controls/ControlRig_Hexagon_3mm.uexp" 858
"../../../Engine/Plugins/Animation/ControlRig/Content/Controls/ControlRig_Hexagon_solid.ubulk" 859
"../../../Engine/Plugins/Animation/ControlRig/Content/Controls/ControlRig_Hexagon_solid.uasset" 860
"../../../Engine/Plugins/Animation/ControlRig/Content/Controls/ControlRig_Hexagon_solid.uexp" 861
"../../../Engine/Plugins/Animation/ControlRig/Content/Controls/ControlRig_Octagon_1mm.ubulk" 862
"../../../Engine/Plugins/Animation/ControlRig/Content/Controls/ControlRig_Octagon_1mm.uasset" 863
"../../../Engine/Plugins/Animation/ControlRig/Content/Controls/ControlRig_Octagon_1mm.uexp" 864
"../../../Engine/Plugins/Animation/ControlRig/Content/Controls/ControlRig_Octagon_3mm.ubulk" 865
"../../../Engine/Plugins/Animation/ControlRig/Content/Controls/ControlRig_Octagon_3mm.uasset" 866
"../../../Engine/Plugins/Animation/ControlRig/Content/Controls/ControlRig_Octagon_3mm.uexp" 867
"../../../Engine/Plugins/Animation/ControlRig/Content/Controls/ControlRig_Octagon_solid.ubulk" 868
"../../../Engine/Plugins/Animation/ControlRig/Content/Controls/ControlRig_Octagon_solid.uasset" 869
"../../../Engine/Plugins/Animation/ControlRig/Content/Controls/ControlRig_Octagon_solid.uexp" 870
"../../../Engine/Plugins/Animation/ControlRig/Content/Controls/ControlRig_Pyramid_1mm.ubulk" 871
"../../../Engine/Plugins/Animation/ControlRig/Content/Controls/ControlRig_Pyramid_1mm.uasset" 872
"../../../Engine/Plugins/Animation/ControlRig/Content/Controls/ControlRig_Pyramid_1mm.uexp" 873
"../../../Engine/Plugins/Animation/ControlRig/Content/Controls/ControlRig_Pyramid_3mm.ubulk" 874
"../../../Engine/Plugins/Animation/ControlRig/Content/Controls/ControlRig_Pyramid_3mm.uasset" 875
"../../../Engine/Plugins/Animation/ControlRig/Content/Controls/ControlRig_Pyramid_3mm.uexp" 876
"../../../Engine/Plugins/Animation/ControlRig/Content/Controls/ControlRig_Pyramid_solid.ubulk" 877
"../../../Engine/Plugins/Animation/ControlRig/Content/Controls/ControlRig_Pyramid_solid.uasset" 878
"../../../Engine/Plugins/Animation/ControlRig/Content/Controls/ControlRig_Pyramid_solid.uexp" 879
"../../../Engine/Plugins/Animation/ControlRig/Content/Controls/ControlRig_QuarterCircle_1mm.ubulk" 880
"../../../Engine/Plugins/Animation/ControlRig/Content/Controls/ControlRig_QuarterCircle_1mm.uasset" 881
"../../../Engine/Plugins/Animation/ControlRig/Content/Controls/ControlRig_QuarterCircle_1mm.uexp" 882
"../../../Engine/Plugins/Animation/ControlRig/Content/Controls/ControlRig_QuarterCircle_3mm.ubulk" 883
"../../../Engine/Plugins/Animation/ControlRig/Content/Controls/ControlRig_QuarterCircle_3mm.uasset" 884
"../../../Engine/Plugins/Animation/ControlRig/Content/Controls/ControlRig_QuarterCircle_3mm.uexp" 885
"../../../Engine/Plugins/Animation/ControlRig/Content/Controls/ControlRig_QuarterCircle_solid.ubulk" 886
"../../../Engine/Plugins/Animation/ControlRig/Content/Controls/ControlRig_QuarterCircle_solid.uasset" 887
"../../../Engine/Plugins/Animation/ControlRig/Content/Controls/ControlRig_QuarterCircle_solid.uexp" 888
"../../../Engine/Plugins/Animation/ControlRig/Content/Controls/ControlRig_RoundedSquare_1mm.ubulk" 889
"../../../Engine/Plugins/Animation/ControlRig/Content/Controls/ControlRig_RoundedSquare_1mm.uasset" 890
"../../../Engine/Plugins/Animation/ControlRig/Content/Controls/ControlRig_RoundedSquare_1mm.uexp" 891
"../../../Engine/Plugins/Animation/ControlRig/Content/Controls/ControlRig_RoundedSquare_3mm.ubulk" 892
"../../../Engine/Plugins/Animation/ControlRig/Content/Controls/ControlRig_RoundedSquare_3mm.uasset" 893
"../../../Engine/Plugins/Animation/ControlRig/Content/Controls/ControlRig_RoundedSquare_3mm.uexp" 894
"../../../Engine/Plugins/Animation/ControlRig/Content/Controls/ControlRig_RoundedSquare_solid.ubulk" 895
"../../../Engine/Plugins/Animation/ControlRig/Content/Controls/ControlRig_RoundedSquare_solid.uasset" 896
"../../../Engine/Plugins/Animation/ControlRig/Content/Controls/ControlRig_RoundedSquare_solid.uexp" 897
"../../../Engine/Plugins/Animation/ControlRig/Content/Controls/ControlRig_RoundedTriangle_1mm.ubulk" 898
"../../../Engine/Plugins/Animation/ControlRig/Content/Controls/ControlRig_RoundedTriangle_1mm.uasset" 899
"../../../Engine/Plugins/Animation/ControlRig/Content/Controls/ControlRig_RoundedTriangle_1mm.uexp" 900
"../../../Engine/Plugins/Animation/ControlRig/Content/Controls/ControlRig_RoundedTriangle_3mm.ubulk" 901
"../../../Engine/Plugins/Animation/ControlRig/Content/Controls/ControlRig_RoundedTriangle_3mm.uasset" 902
"../../../Engine/Plugins/Animation/ControlRig/Content/Controls/ControlRig_RoundedTriangle_3mm.uexp" 903
"../../../Engine/Plugins/Animation/ControlRig/Content/Controls/ControlRig_RoundedTriangle_solid.ubulk" 904
"../../../Engine/Plugins/Animation/ControlRig/Content/Controls/ControlRig_RoundedTriangle_solid.uasset" 905
"../../../Engine/Plugins/Animation/ControlRig/Content/Controls/ControlRig_RoundedTriangle_solid.uexp" 906
"../../../Engine/Plugins/Animation/ControlRig/Content/Controls/ControlRig_Sphere_1mm.ubulk" 907
"../../../Engine/Plugins/Animation/ControlRig/Content/Controls/ControlRig_Sphere_1mm.uasset" 908
"../../../Engine/Plugins/Animation/ControlRig/Content/Controls/ControlRig_Sphere_1mm.uexp" 909
"../../../Engine/Plugins/Animation/ControlRig/Content/Controls/ControlRig_Sphere_3mm.ubulk" 910
"../../../Engine/Plugins/Animation/ControlRig/Content/Controls/ControlRig_Sphere_3mm.uasset" 911
"../../../Engine/Plugins/Animation/ControlRig/Content/Controls/ControlRig_Sphere_3mm.uexp" 912
"../../../Engine/Plugins/Animation/ControlRig/Content/Controls/ControlRig_Sphere_solid.ubulk" 913
"../../../Engine/Plugins/Animation/ControlRig/Content/Controls/ControlRig_Sphere_solid.uasset" 914
"../../../Engine/Plugins/Animation/ControlRig/Content/Controls/ControlRig_Sphere_solid.uexp" 915
"../../../Engine/Plugins/Animation/ControlRig/Content/Controls/ControlRig_Square_1mm.ubulk" 916
"../../../Engine/Plugins/Animation/ControlRig/Content/Controls/ControlRig_Square_1mm.uasset" 917
"../../../Engine/Plugins/Animation/ControlRig/Content/Controls/ControlRig_Square_1mm.uexp" 918
"../../../Engine/Plugins/Animation/ControlRig/Content/Controls/ControlRig_Square_3mm.ubulk" 919
"../../../Engine/Plugins/Animation/ControlRig/Content/Controls/ControlRig_Square_3mm.uasset" 920
"../../../Engine/Plugins/Animation/ControlRig/Content/Controls/ControlRig_Square_3mm.uexp" 921
"../../../Engine/Plugins/Animation/ControlRig/Content/Controls/ControlRig_Square_solid.ubulk" 922
"../../../Engine/Plugins/Animation/ControlRig/Content/Controls/ControlRig_Square_solid.uasset" 923
"../../../Engine/Plugins/Animation/ControlRig/Content/Controls/ControlRig_Square_solid.uexp" 924
"../../../Engine/Plugins/Animation/ControlRig/Content/Controls/ControlRig_Star4_1mm.ubulk" 925
"../../../Engine/Plugins/Animation/ControlRig/Content/Controls/ControlRig_Star4_1mm.uasset" 926
"../../../Engine/Plugins/Animation/ControlRig/Content/Controls/ControlRig_Star4_1mm.uexp" 927
"../../../Engine/Plugins/Animation/ControlRig/Content/Controls/ControlRig_Star4_3mm.ubulk" 928
"../../../Engine/Plugins/Animation/ControlRig/Content/Controls/ControlRig_Star4_3mm.uasset" 929
"../../../Engine/Plugins/Animation/ControlRig/Content/Controls/ControlRig_Star4_3mm.uexp" 930
"../../../Engine/Plugins/Animation/ControlRig/Content/Controls/ControlRig_Star4_solid.ubulk" 931
"../../../Engine/Plugins/Animation/ControlRig/Content/Controls/ControlRig_Star4_solid.uasset" 932
"../../../Engine/Plugins/Animation/ControlRig/Content/Controls/ControlRig_Star4_solid.uexp" 933
"../../../Engine/Plugins/Animation/ControlRig/Content/Controls/ControlRig_Triangle_1mm.ubulk" 934
"../../../Engine/Plugins/Animation/ControlRig/Content/Controls/ControlRig_Triangle_1mm.uasset" 935
"../../../Engine/Plugins/Animation/ControlRig/Content/Controls/ControlRig_Triangle_1mm.uexp" 936
"../../../Engine/Plugins/Animation/ControlRig/Content/Controls/ControlRig_Triangle_3mm.ubulk" 937
"../../../Engine/Plugins/Animation/ControlRig/Content/Controls/ControlRig_Triangle_3mm.uasset" 938
"../../../Engine/Plugins/Animation/ControlRig/Content/Controls/ControlRig_Triangle_3mm.uexp" 939
"../../../Engine/Plugins/Animation/ControlRig/Content/Controls/ControlRig_Triangle_solid.ubulk" 940
"../../../Engine/Plugins/Animation/ControlRig/Content/Controls/ControlRig_Triangle_solid.uasset" 941
"../../../Engine/Plugins/Animation/ControlRig/Content/Controls/ControlRig_Triangle_solid.uexp" 942
"../../../Engine/Plugins/Animation/ControlRig/Content/Controls/ControlRig_Wedge_1mm.ubulk" 943
"../../../Engine/Plugins/Animation/ControlRig/Content/Controls/ControlRig_Wedge_1mm.uasset" 944
"../../../Engine/Plugins/Animation/ControlRig/Content/Controls/ControlRig_Wedge_1mm.uexp" 945
"../../../Engine/Plugins/Animation/ControlRig/Content/Controls/ControlRig_Wedge_3mm.ubulk" 946
"../../../Engine/Plugins/Animation/ControlRig/Content/Controls/ControlRig_Wedge_3mm.uasset" 947
"../../../Engine/Plugins/Animation/ControlRig/Content/Controls/ControlRig_Wedge_3mm.uexp" 948
"../../../Engine/Plugins/Animation/ControlRig/Content/Controls/ControlRig_Wedge_solid.ubulk" 949
"../../../Engine/Plugins/Animation/ControlRig/Content/Controls/ControlRig_Wedge_solid.uasset" 950
"../../../Engine/Plugins/Animation/ControlRig/Content/Controls/ControlRig_Wedge_solid.uexp" 951
"../../../Engine/Content/Functions/Engine_MaterialFunctions02/Texturing/CustomRotator.uasset" 952
"../../../Engine/Content/Functions/Engine_MaterialFunctions02/Texturing/CustomRotator.uexp" 953
"../../../Engine/Content/Functions/Engine_MaterialFunctions01/Gradient/GeneratedRoundRect.uasset" 954
"../../../Engine/Content/Functions/Engine_MaterialFunctions01/Gradient/GeneratedRoundRect.uexp" 955
"../../../Engine/Content/Functions/Engine_MaterialFunctions01/Gradient/SphereGradient-2D.uasset" 956
"../../../Engine/Content/Functions/Engine_MaterialFunctions01/Gradient/SphereGradient-2D.uexp" 957
"../../../Engine/Plugins/Runtime/AudioWidgets/Content/AudioMaterialSlate/Functions/MF_DotOutlined.uasset" 958
"../../../Engine/Plugins/Runtime/AudioWidgets/Content/AudioMaterialSlate/Functions/MF_DotOutlined.uexp" 959
"../../../Engine/Plugins/Runtime/AudioWidgets/Content/AudioMaterialSlate/M_AudioMaterialEnvelope_ADSR.uasset" 960
"../../../Engine/Plugins/Runtime/AudioWidgets/Content/AudioMaterialSlate/M_AudioMaterialEnvelope_ADSR.uexp" 961
"../../../Engine/Plugins/Runtime/AudioWidgets/Content/AudioMaterialSlate/MI_AudioMaterialEnvelope_ADSR.uasset" 962
"../../../Engine/Plugins/Runtime/AudioWidgets/Content/AudioMaterialSlate/MI_AudioMaterialEnvelope_ADSR.uexp" 963
"../../../Engine/Plugins/Runtime/AudioWidgets/Content/AudioMaterialSlate/Functions/MF_SingleLine_Smooth.uasset" 964
"../../../Engine/Plugins/Runtime/AudioWidgets/Content/AudioMaterialSlate/Functions/MF_SingleLine_Smooth.uexp" 965
"../../../Engine/Plugins/Runtime/AudioWidgets/Content/AudioMaterialSlate/Functions/MF_AngleGradient.uasset" 966
"../../../Engine/Plugins/Runtime/AudioWidgets/Content/AudioMaterialSlate/Functions/MF_AngleGradient.uexp" 967
"../../../Engine/Content/Functions/Engine_MaterialFunctions02/Lerp_3Color.uasset" 968
"../../../Engine/Content/Functions/Engine_MaterialFunctions02/Lerp_3Color.uexp" 969
"../../../Engine/Plugins/Runtime/AudioWidgets/Content/AudioMaterialSlate/M_AudioMaterialKnob.uasset" 970
"../../../Engine/Plugins/Runtime/AudioWidgets/Content/AudioMaterialSlate/M_AudioMaterialKnob.uexp" 971
"../../../Engine/Plugins/Runtime/AudioWidgets/Content/AudioMaterialSlate/MI_AudioMaterialKnob.uasset" 972
"../../../Engine/Plugins/Runtime/AudioWidgets/Content/AudioMaterialSlate/MI_AudioMaterialKnob.uexp" 973
"../../../Engine/Plugins/Runtime/AudioWidgets/Content/AudioMaterialSlate/Functions/MF_Lines.uasset" 974
"../../../Engine/Plugins/Runtime/AudioWidgets/Content/AudioMaterialSlate/Functions/MF_Lines.uexp" 975
"../../../Engine/Plugins/Runtime/AudioWidgets/Content/AudioMaterialSlate/M_AudioMaterialMeter.uasset" 976
"../../../Engine/Plugins/Runtime/AudioWidgets/Content/AudioMaterialSlate/M_AudioMaterialMeter.uexp" 977
"../../../Engine/Plugins/Runtime/AudioWidgets/Content/AudioMaterialSlate/MI_AudioMaterialMeter.uasset" 978
"../../../Engine/Plugins/Runtime/AudioWidgets/Content/AudioMaterialSlate/MI_AudioMaterialMeter.uexp" 979
"../../../Engine/Plugins/Runtime/AudioWidgets/Content/AudioMaterialSlate/M_AudioMaterialRoundedSlider.uasset" 980
"../../../Engine/Plugins/Runtime/AudioWidgets/Content/AudioMaterialSlate/M_AudioMaterialRoundedSlider.uexp" 981
"../../../Engine/Plugins/Runtime/AudioWidgets/Content/AudioMaterialSlate/MI_AudioMaterialRoundedSlider.uasset" 982
"../../../Engine/Plugins/Runtime/AudioWidgets/Content/AudioMaterialSlate/MI_AudioMaterialRoundedSlider.uexp" 983
"../../../Engine/Plugins/Runtime/AudioWidgets/Content/AudioMaterialSlate/Functions/MF_SingleLine.uasset" 984
"../../../Engine/Plugins/Runtime/AudioWidgets/Content/AudioMaterialSlate/Functions/MF_SingleLine.uexp" 985
"../../../Engine/Plugins/Runtime/AudioWidgets/Content/AudioMaterialSlate/M_AudioMaterialToggleButton.uasset" 986
"../../../Engine/Plugins/Runtime/AudioWidgets/Content/AudioMaterialSlate/M_AudioMaterialToggleButton.uexp" 987
"../../../Engine/Plugins/Runtime/AudioWidgets/Content/AudioMaterialSlate/MI_AudioMaterialToggleButton.uasset" 988
"../../../Engine/Plugins/Runtime/AudioWidgets/Content/AudioMaterialSlate/MI_AudioMaterialToggleButton.uexp" 989
"../../../Engine/Plugins/2D/Paper2D/Content/DefaultSpriteMaterial.uasset" 990
"../../../Engine/Plugins/2D/Paper2D/Content/DefaultSpriteMaterial.uexp" 991
"../../../Engine/Plugins/2D/Paper2D/Content/MaskedUnlitSpriteMaterial.uasset" 992
"../../../Engine/Plugins/2D/Paper2D/Content/MaskedUnlitSpriteMaterial.uexp" 993
"../../../Engine/Plugins/2D/Paper2D/Content/OpaqueUnlitSpriteMaterial.uasset" 994
"../../../Engine/Plugins/2D/Paper2D/Content/OpaqueUnlitSpriteMaterial.uexp" 995
"../../../Engine/Plugins/Media/MediaPlate/Content/SM_MediaPlateScreen.ubulk" 996
"../../../Engine/Plugins/Media/MediaPlate/Content/SM_MediaPlateScreen.uasset" 997
"../../../Engine/Plugins/Media/MediaPlate/Content/SM_MediaPlateScreen.uexp" 998
"../../../Engine/Plugins/NNE/NNEDenoiser/Content/NNEDIM_ColorAlbedoNormal_Alpha.uasset" 999
"../../../Engine/Plugins/NNE/NNEDenoiser/Content/NNEDIM_ColorAlbedoNormal_Alpha.uexp" 1000
"../../../Engine/Plugins/NNE/NNEDenoiser/Content/NNEDIM_ColorAlbedoNormal_Default.uasset" 1001
"../../../Engine/Plugins/NNE/NNEDenoiser/Content/NNEDIM_ColorAlbedoNormal_Default.uexp" 1002
"../../../Engine/Plugins/NNE/NNEDenoiser/Content/NNEDIM_HighQuality_Alpha.uasset" 1003
"../../../Engine/Plugins/NNE/NNEDenoiser/Content/NNEDIM_HighQuality_Alpha.uexp" 1004
"../../../Engine/Plugins/NNE/NNEDenoiser/Content/NNEDIM_HighQuality_Default.uasset" 1005
"../../../Engine/Plugins/NNE/NNEDenoiser/Content/NNEDIM_HighQuality_Default.uexp" 1006
"../../../Engine/Plugins/NNE/NNEDenoiser/Content/NNEDOM_Output_Alpha.uasset" 1007
"../../../Engine/Plugins/NNE/NNEDenoiser/Content/NNEDOM_Output_Alpha.uexp" 1008
"../../../Engine/Plugins/NNE/NNEDenoiser/Content/NNEDOM_Output_Default.uasset" 1009
"../../../Engine/Plugins/NNE/NNEDenoiser/Content/NNEDOM_Output_Default.uexp" 1010
"../../../Engine/Plugins/NNE/NNEDenoiser/Content/NNEDTIM_ColorAlbedoNormal_Alpha.uasset" 1011
"../../../Engine/Plugins/NNE/NNEDenoiser/Content/NNEDTIM_ColorAlbedoNormal_Alpha.uexp" 1012
"../../../Engine/Plugins/NNE/NNEDenoiser/Content/NNEDTIM_ColorAlbedoNormal_Default.uasset" 1013
"../../../Engine/Plugins/NNE/NNEDenoiser/Content/NNEDTIM_ColorAlbedoNormal_Default.uexp" 1014
"../../../Engine/Plugins/NNE/NNEDenoiser/Content/NNEDTOM_Output_Alpha.uasset" 1015
"../../../Engine/Plugins/NNE/NNEDenoiser/Content/NNEDTOM_Output_Alpha.uexp" 1016
"../../../Engine/Plugins/NNE/NNEDenoiser/Content/NNEDTOM_Output_Default.uasset" 1017
"../../../Engine/Plugins/NNE/NNEDenoiser/Content/NNEDTOM_Output_Default.uexp" 1018
"C:/Users/camer/OneDrive/Documents/GitHub/EscapeVector/EscapeVector/Content/LevelPrototyping/Materials/M_Solid.uasset" 1019
"C:/Users/camer/OneDrive/Documents/GitHub/EscapeVector/EscapeVector/Content/LevelPrototyping/Materials/M_Solid.uexp" 1020
"C:/Users/camer/OneDrive/Documents/GitHub/EscapeVector/EscapeVector/Content/LevelPrototyping/Materials/MI_Solid_Blue.uasset" 1021
"C:/Users/camer/OneDrive/Documents/GitHub/EscapeVector/EscapeVector/Content/LevelPrototyping/Materials/MI_Solid_Blue.uexp" 1022
"C:/Users/camer/OneDrive/Documents/GitHub/EscapeVector/EscapeVector/Content/LevelPrototyping/Meshes/SM_ChamferCube.ubulk" 1023
"C:/Users/camer/OneDrive/Documents/GitHub/EscapeVector/EscapeVector/Content/LevelPrototyping/Meshes/SM_ChamferCube.uasset" 1024
"C:/Users/camer/OneDrive/Documents/GitHub/EscapeVector/EscapeVector/Content/LevelPrototyping/Meshes/SM_ChamferCube.uexp" 1025
"C:/Users/camer/OneDrive/Documents/GitHub/EscapeVector/EscapeVector/Content/LevelPrototyping/Textures/T_GridChecker_A.ubulk" 1026
"C:/Users/camer/OneDrive/Documents/GitHub/EscapeVector/EscapeVector/Content/LevelPrototyping/Textures/T_GridChecker_A.uasset" 1027
"C:/Users/camer/OneDrive/Documents/GitHub/EscapeVector/EscapeVector/Content/LevelPrototyping/Textures/T_GridChecker_A.uexp" 1028
"../../../Engine/Content/Functions/Engine_MaterialFunctions01/Gradient/LinearGradient.uasset" 1029
"../../../Engine/Content/Functions/Engine_MaterialFunctions01/Gradient/LinearGradient.uexp" 1030
"../../../Engine/Content/Functions/Engine_MaterialFunctions01/ImageAdjustment/CheapContrast.uasset" 1031
"../../../Engine/Content/Functions/Engine_MaterialFunctions01/ImageAdjustment/CheapContrast.uexp" 1032
"C:/Users/camer/OneDrive/Documents/GitHub/EscapeVector/EscapeVector/Content/LevelPrototyping/Materials/MF_ProcGrid.uasset" 1033
"C:/Users/camer/OneDrive/Documents/GitHub/EscapeVector/EscapeVector/Content/LevelPrototyping/Materials/MF_ProcGrid.uexp" 1034
"C:/Users/camer/OneDrive/Documents/GitHub/EscapeVector/EscapeVector/Content/LevelPrototyping/Materials/M_PrototypeGrid.uasset" 1035
"C:/Users/camer/OneDrive/Documents/GitHub/EscapeVector/EscapeVector/Content/LevelPrototyping/Materials/M_PrototypeGrid.uexp" 1036
"C:/Users/camer/OneDrive/Documents/GitHub/EscapeVector/EscapeVector/Content/LevelPrototyping/Materials/MI_PrototypeGrid_Gray.uasset" 1037
"C:/Users/camer/OneDrive/Documents/GitHub/EscapeVector/EscapeVector/Content/LevelPrototyping/Materials/MI_PrototypeGrid_Gray.uexp" 1038
"C:/Users/camer/OneDrive/Documents/GitHub/EscapeVector/EscapeVector/Content/LevelPrototyping/Meshes/SM_Cube.ubulk" 1039
"C:/Users/camer/OneDrive/Documents/GitHub/EscapeVector/EscapeVector/Content/LevelPrototyping/Meshes/SM_Cube.uasset" 1040
"C:/Users/camer/OneDrive/Documents/GitHub/EscapeVector/EscapeVector/Content/LevelPrototyping/Meshes/SM_Cube.uexp" 1041
"C:/Users/camer/OneDrive/Documents/GitHub/EscapeVector/EscapeVector/Content/LevelPrototyping/Materials/MI_PrototypeGrid_TopDark.uasset" 1042
"C:/Users/camer/OneDrive/Documents/GitHub/EscapeVector/EscapeVector/Content/LevelPrototyping/Materials/MI_PrototypeGrid_TopDark.uexp" 1043
"C:/Users/camer/OneDrive/Documents/GitHub/EscapeVector/EscapeVector/Content/LevelPrototyping/Meshes/SM_QuarterCylinder.ubulk" 1044
"C:/Users/camer/OneDrive/Documents/GitHub/EscapeVector/EscapeVector/Content/LevelPrototyping/Meshes/SM_QuarterCylinder.uasset" 1045
"C:/Users/camer/OneDrive/Documents/GitHub/EscapeVector/EscapeVector/Content/LevelPrototyping/Meshes/SM_QuarterCylinder.uexp" 1046
"C:/Users/camer/OneDrive/Documents/GitHub/EscapeVector/EscapeVector/Content/drone_gltf/Material_baseColor.ubulk" 1047
"C:/Users/camer/OneDrive/Documents/GitHub/EscapeVector/EscapeVector/Content/drone_gltf/Material_baseColor.uasset" 1048
"C:/Users/camer/OneDrive/Documents/GitHub/EscapeVector/EscapeVector/Content/drone_gltf/Material_baseColor.uexp" 1049
"C:/Users/camer/OneDrive/Documents/GitHub/EscapeVector/EscapeVector/Content/drone_gltf/Material_normal.ubulk" 1050
"C:/Users/camer/OneDrive/Documents/GitHub/EscapeVector/EscapeVector/Content/drone_gltf/Material_normal.uasset" 1051
"C:/Users/camer/OneDrive/Documents/GitHub/EscapeVector/EscapeVector/Content/drone_gltf/Material_normal.uexp" 1052
"C:/Users/camer/OneDrive/Documents/GitHub/EscapeVector/EscapeVector/Content/drone_gltf/Material_metallicRoughness.ubulk" 1053
"C:/Users/camer/OneDrive/Documents/GitHub/EscapeVector/EscapeVector/Content/drone_gltf/Material_metallicRoughness.uasset" 1054
"C:/Users/camer/OneDrive/Documents/GitHub/EscapeVector/EscapeVector/Content/drone_gltf/Material_metallicRoughness.uexp" 1055
"C:/Users/camer/OneDrive/Documents/GitHub/EscapeVector/EscapeVector/Content/drone_gltf/Material_001_emissive.ubulk" 1056
"C:/Users/camer/OneDrive/Documents/GitHub/EscapeVector/EscapeVector/Content/drone_gltf/Material_001_emissive.uasset" 1057
"C:/Users/camer/OneDrive/Documents/GitHub/EscapeVector/EscapeVector/Content/drone_gltf/Material_001_emissive.uexp" 1058
"../../../Engine/Plugins/Interchange/Assets/Content/gltf/MaterialInstances/MI_Default_Opaque_DS.uasset" 1059
"../../../Engine/Plugins/Interchange/Assets/Content/gltf/MaterialInstances/MI_Default_Opaque_DS.uexp" 1060
"C:/Users/camer/OneDrive/Documents/GitHub/EscapeVector/EscapeVector/Content/drone_gltf/Material.uasset" 1061
"C:/Users/camer/OneDrive/Documents/GitHub/EscapeVector/EscapeVector/Content/drone_gltf/Material.uexp" 1062
"C:/Users/camer/OneDrive/Documents/GitHub/EscapeVector/EscapeVector/Content/drone_gltf/Cylinder_010_Material_0.ubulk" 1063
"C:/Users/camer/OneDrive/Documents/GitHub/EscapeVector/EscapeVector/Content/drone_gltf/Cylinder_010_Material_0.uasset" 1064
"C:/Users/camer/OneDrive/Documents/GitHub/EscapeVector/EscapeVector/Content/drone_gltf/Cylinder_010_Material_0.uexp" 1065
"../../../Engine/Content/EngineSky/T_Sky_Stars.ubulk" 1066
"../../../Engine/Content/EngineSky/T_Sky_Stars.uasset" 1067
"../../../Engine/Content/EngineSky/T_Sky_Stars.uexp" 1068
"../../../Engine/Content/EngineSky/T_Sky_Clouds_M.ubulk" 1069
"../../../Engine/Content/EngineSky/T_Sky_Clouds_M.uasset" 1070
"../../../Engine/Content/EngineSky/T_Sky_Clouds_M.uexp" 1071
"../../../Engine/Content/EngineSky/T_Sky_Blue.ubulk" 1072
"../../../Engine/Content/EngineSky/T_Sky_Blue.uasset" 1073
"../../../Engine/Content/EngineSky/T_Sky_Blue.uexp" 1074
"../../../Engine/Content/EngineSky/M_Sky_Panning_Clouds2.uasset" 1075
"../../../Engine/Content/EngineSky/M_Sky_Panning_Clouds2.uexp" 1076
"../../../Engine/Content/EngineSky/SM_SkySphere.ubulk" 1077
"../../../Engine/Content/EngineSky/SM_SkySphere.uasset" 1078
"../../../Engine/Content/EngineSky/SM_SkySphere.uexp" 1079
"../../../Engine/Content/EngineSky/M_SimpleSkyDome.uasset" 1080
"../../../Engine/Content/EngineSky/M_SimpleSkyDome.uexp" 1081
"C:/Users/camer/OneDrive/Documents/GitHub/EscapeVector/EscapeVector/Content/LevelPrototyping/Meshes/SM_Ramp.ubulk" 1082
"C:/Users/camer/OneDrive/Documents/GitHub/EscapeVector/EscapeVector/Content/LevelPrototyping/Meshes/SM_Ramp.uasset" 1083
"C:/Users/camer/OneDrive/Documents/GitHub/EscapeVector/EscapeVector/Content/LevelPrototyping/Meshes/SM_Ramp.uexp" 1084
"../../../Engine/Content/BasicShapes/Sphere.ubulk" 1085
"../../../Engine/Content/BasicShapes/Sphere.uasset" 1086
"../../../Engine/Content/BasicShapes/Sphere.uexp" 1087
"../../../Engine/Content/BasicShapes/BasicShapeMaterial.uasset" 1088
"../../../Engine/Content/BasicShapes/BasicShapeMaterial.uexp" 1089
"C:/Users/camer/OneDrive/Documents/GitHub/EscapeVector/EscapeVector/Content/drone_gltf/Material_001_normal.ubulk" 1090
"C:/Users/camer/OneDrive/Documents/GitHub/EscapeVector/EscapeVector/Content/drone_gltf/Material_001_normal.uasset" 1091
"C:/Users/camer/OneDrive/Documents/GitHub/EscapeVector/EscapeVector/Content/drone_gltf/Material_001_normal.uexp" 1092
"C:/Users/camer/OneDrive/Documents/GitHub/EscapeVector/EscapeVector/Content/drone_gltf/Material_001_baseColor.ubulk" 1093
"C:/Users/camer/OneDrive/Documents/GitHub/EscapeVector/EscapeVector/Content/drone_gltf/Material_001_baseColor.uasset" 1094
"C:/Users/camer/OneDrive/Documents/GitHub/EscapeVector/EscapeVector/Content/drone_gltf/Material_001_baseColor.uexp" 1095
"C:/Users/camer/OneDrive/Documents/GitHub/EscapeVector/EscapeVector/Content/drone_gltf/Material_001_metallicRoughness.ubulk" 1096
"C:/Users/camer/OneDrive/Documents/GitHub/EscapeVector/EscapeVector/Content/drone_gltf/Material_001_metallicRoughness.uasset" 1097
"C:/Users/camer/OneDrive/Documents/GitHub/EscapeVector/EscapeVector/Content/drone_gltf/Material_001_metallicRoughness.uexp" 1098
"C:/Users/camer/OneDrive/Documents/GitHub/EscapeVector/EscapeVector/Content/drone_gltf/Material_001_specular_f0.ubulk" 1099
"C:/Users/camer/OneDrive/Documents/GitHub/EscapeVector/EscapeVector/Content/drone_gltf/Material_001_specular_f0.uasset" 1100
"C:/Users/camer/OneDrive/Documents/GitHub/EscapeVector/EscapeVector/Content/drone_gltf/Material_001_specular_f0.uexp" 1101
"C:/Users/camer/OneDrive/Documents/GitHub/EscapeVector/EscapeVector/Content/drone_gltf/Material_001.uasset" 1102
"C:/Users/camer/OneDrive/Documents/GitHub/EscapeVector/EscapeVector/Content/drone_gltf/Material_001.uexp" 1103
"C:/Users/camer/OneDrive/Documents/GitHub/EscapeVector/EscapeVector/Content/drone_gltf/Plane_Material_001_0.ubulk" 1104
"C:/Users/camer/OneDrive/Documents/GitHub/EscapeVector/EscapeVector/Content/drone_gltf/Plane_Material_001_0.uasset" 1105
"C:/Users/camer/OneDrive/Documents/GitHub/EscapeVector/EscapeVector/Content/drone_gltf/Plane_Material_001_0.uexp" 1106
"../../../Engine/Content/EngineResources/LandscapeVisibilityLayerInfo.uasset" 1107
"../../../Engine/Content/EngineResources/LandscapeVisibilityLayerInfo.uexp" 1108
"../../../Engine/Content/VREditor/TransformGizmo/StartRotationHandleIndicator.ubulk" 1109
"../../../Engine/Content/VREditor/TransformGizmo/StartRotationHandleIndicator.uasset" 1110
"../../../Engine/Content/VREditor/TransformGizmo/StartRotationHandleIndicator.uexp" 1111
"../../../Engine/Content/VREditor/Sounds/UI/Drop_Item_From_ContentBrowser.ubulk" 1112
"../../../Engine/Content/VREditor/Sounds/UI/Drop_Item_From_ContentBrowser.uasset" 1113
"../../../Engine/Content/VREditor/Sounds/UI/Drop_Item_From_ContentBrowser.uexp" 1114
"../../../Engine/Content/VREditor/TransformGizmo/PlaneTranslationHandle.ubulk" 1115
"../../../Engine/Content/VREditor/TransformGizmo/PlaneTranslationHandle.uasset" 1116
"../../../Engine/Content/VREditor/TransformGizmo/PlaneTranslationHandle.uexp" 1117
"../../../Engine/Content/VREditor/Sounds/UI/Object_Snaps_To_Grid.ubulk" 1118
"../../../Engine/Content/VREditor/Sounds/UI/Object_Snaps_To_Grid.uasset" 1119
"../../../Engine/Content/VREditor/Sounds/UI/Object_Snaps_To_Grid.uexp" 1120
"../../../Engine/Content/VREditor/Sounds/UI/Selection_Changes.ubulk" 1121
"../../../Engine/Content/VREditor/Sounds/UI/Selection_Changes.uasset" 1122
"../../../Engine/Content/VREditor/Sounds/UI/Selection_Changes.uexp" 1123
"../../../Engine/Content/VREditor/Sounds/UI/Object_Snaps_To_Another_Actor.ubulk" 1124
"../../../Engine/Content/VREditor/Sounds/UI/Object_Snaps_To_Another_Actor.uasset" 1125
"../../../Engine/Content/VREditor/Sounds/UI/Object_Snaps_To_Another_Actor.uexp" 1126
"../../../Engine/Content/VREditor/TransformGizmo/TranslucentTransformGizmoMaterial_Inst.uasset" 1127
"../../../Engine/Content/VREditor/TransformGizmo/TranslucentTransformGizmoMaterial_Inst.uexp" 1128
"../../../Engine/Content/VREditor/TransformGizmo/TransformGizmoFreeRotation.ubulk" 1129
"../../../Engine/Content/VREditor/TransformGizmo/TransformGizmoFreeRotation.uasset" 1130
"../../../Engine/Content/VREditor/TransformGizmo/TransformGizmoFreeRotation.uexp" 1131
"../../../Engine/Content/VREditor/Sounds/UI/Scaling_Down.ubulk" 1132
"../../../Engine/Content/VREditor/Sounds/UI/Scaling_Down.uasset" 1133
"../../../Engine/Content/VREditor/Sounds/UI/Scaling_Down.uexp" 1134
"../../../Engine/Content/Functions/Engine_MaterialFunctions02/SplitComponents.uasset" 1135
"../../../Engine/Content/Functions/Engine_MaterialFunctions02/SplitComponents.uexp" 1136
"../../../Engine/Content/VREditor/SnapGrid/SnapGridMaterial.uasset" 1137
"../../../Engine/Content/VREditor/SnapGrid/SnapGridMaterial.uexp" 1138
"../../../Engine/Content/VREditor/SnapGrid/SnapGridPlaneMesh.ubulk" 1139
"../../../Engine/Content/VREditor/SnapGrid/SnapGridPlaneMesh.uasset" 1140
"../../../Engine/Content/VREditor/SnapGrid/SnapGridPlaneMesh.uexp" 1141
"../../../Engine/Content/VREditor/Sounds/UI/Scaling_Up.ubulk" 1142
"../../../Engine/Content/VREditor/Sounds/UI/Scaling_Up.uasset" 1143
"../../../Engine/Content/VREditor/Sounds/UI/Scaling_Up.uexp" 1144
"../../../Engine/Content/VREditor/TransformGizmo/TransformGizmoMaterial_Inst.uasset" 1145
"../../../Engine/Content/VREditor/TransformGizmo/TransformGizmoMaterial_Inst.uexp" 1146
"../../../Engine/Content/VREditor/Sounds/UI/Gizmo_Handle_Clicked.ubulk" 1147
"../../../Engine/Content/VREditor/Sounds/UI/Gizmo_Handle_Clicked.uasset" 1148
"../../../Engine/Content/VREditor/Sounds/UI/Gizmo_Handle_Clicked.uexp" 1149
"../../../Engine/Content/VREditor/TransformGizmo/RotationHandleQuarter.ubulk" 1150
"../../../Engine/Content/VREditor/TransformGizmo/RotationHandleQuarter.uasset" 1151
"../../../Engine/Content/VREditor/TransformGizmo/RotationHandleQuarter.uexp" 1152
"../../../Engine/Content/VREditor/TransformGizmo/TranslateArrowHandle.ubulk" 1153
"../../../Engine/Content/VREditor/TransformGizmo/TranslateArrowHandle.uasset" 1154
"../../../Engine/Content/VREditor/TransformGizmo/TranslateArrowHandle.uexp" 1155
"../../../Engine/Content/VREditor/TransformGizmo/RotationHandleIndicator.ubulk" 1156
"../../../Engine/Content/VREditor/TransformGizmo/RotationHandleIndicator.uasset" 1157
"../../../Engine/Content/VREditor/TransformGizmo/RotationHandleIndicator.uexp" 1158
"../../../Engine/Content/VREditor/TransformGizmo/UniformScaleHandle.ubulk" 1159
"../../../Engine/Content/VREditor/TransformGizmo/UniformScaleHandle.uasset" 1160
"../../../Engine/Content/VREditor/TransformGizmo/UniformScaleHandle.uexp" 1161
"../../../Engine/Content/VREditor/TransformGizmo/RotationHandleFull.ubulk" 1162
"../../../Engine/Content/VREditor/TransformGizmo/RotationHandleFull.uasset" 1163
"../../../Engine/Content/VREditor/TransformGizmo/RotationHandleFull.uexp" 1164
"../../../Engine/Content/VREditor/Sounds/UI/Object_PickUp.ubulk" 1165
"../../../Engine/Content/VREditor/Sounds/UI/Object_PickUp.uasset" 1166
"../../../Engine/Content/VREditor/Sounds/UI/Object_PickUp.uexp" 1167
"../../../Engine/Plugins/Animation/DeformerGraph/Content/DeformerFunctions/DG_Function_ComputeNormalsTangents.uasset" 1168
"../../../Engine/Plugins/Animation/DeformerGraph/Content/DeformerFunctions/DG_Function_ComputeNormalsTangents.uexp" 1169
"../../../Engine/Plugins/Animation/DeformerGraph/Content/DeformerFunctions/DG_Function_LinearBlendSkin_Morph_Cloth.uasset" 1170
"../../../Engine/Plugins/Animation/DeformerGraph/Content/DeformerFunctions/DG_Function_LinearBlendSkin_Morph_Cloth.uexp" 1171
"../../../Engine/Plugins/Animation/DeformerGraph/Content/DeformerFunctions/DG_Function_LinearBlendSkin_Morph_Cloth_PositionOnly.uasset" 1172
"../../../Engine/Plugins/Animation/DeformerGraph/Content/DeformerFunctions/DG_Function_LinearBlendSkin_Morph_Cloth_PositionOnly.uexp" 1173
"../../../Engine/Plugins/Animation/DeformerGraph/Content/Deformers/DG_LinearBlendSkin_Morph_Cloth.uasset" 1174
"../../../Engine/Plugins/Animation/DeformerGraph/Content/Deformers/DG_LinearBlendSkin_Morph_Cloth.uexp" 1175
"../../../Engine/Plugins/Animation/DeformerGraph/Content/Deformers/DG_LinearBlendSkin_Morph_Cloth_RecomputeNormals.uasset" 1176
"../../../Engine/Plugins/Animation/DeformerGraph/Content/Deformers/DG_LinearBlendSkin_Morph_Cloth_RecomputeNormals.uexp" 1177
"../../../Engine/Plugins/NNE/NNEDenoiser/Content/NNEDT_Oidn2-3_Balanced.uasset" 1178
"../../../Engine/Plugins/NNE/NNEDenoiser/Content/NNEDT_Oidn2-3_Balanced.uexp" 1179
"../../../Engine/Plugins/NNE/NNEDenoiser/Content/NNEDT_Oidn2-3_Balanced_Alpha.uasset" 1180
"../../../Engine/Plugins/NNE/NNEDenoiser/Content/NNEDT_Oidn2-3_Balanced_Alpha.uexp" 1181
"../../../Engine/Plugins/NNE/NNEDenoiser/Content/NNED_Oidn2-3_Balanced.uasset" 1182
"../../../Engine/Plugins/NNE/NNEDenoiser/Content/NNED_Oidn2-3_Balanced.uexp" 1183
"../../../Engine/Plugins/NNE/NNEDenoiser/Content/NNED_Oidn2-3_Balanced_Alpha.uasset" 1184
"../../../Engine/Plugins/NNE/NNEDenoiser/Content/NNED_Oidn2-3_Balanced_Alpha.uexp" 1185
"../../../Engine/Plugins/NNE/NNEDenoiser/Content/NNED_Oidn2-3_Fast.uasset" 1186
"../../../Engine/Plugins/NNE/NNEDenoiser/Content/NNED_Oidn2-3_Fast.uexp" 1187
"../../../Engine/Plugins/NNE/NNEDenoiser/Content/NNED_Oidn2-3_Fast_Alpha.uasset" 1188
"../../../Engine/Plugins/NNE/NNEDenoiser/Content/NNED_Oidn2-3_Fast_Alpha.uexp" 1189
"../../../Engine/Plugins/NNE/NNEDenoiser/Content/NNED_Oidn2-3_HighQuality.uasset" 1190
"../../../Engine/Plugins/NNE/NNEDenoiser/Content/NNED_Oidn2-3_HighQuality.uexp" 1191
"../../../Engine/Plugins/NNE/NNEDenoiser/Content/NNED_Oidn2-3_HighQuality_Alpha.uasset" 1192
"../../../Engine/Plugins/NNE/NNEDenoiser/Content/NNED_Oidn2-3_HighQuality_Alpha.uexp" 1193
"../../../Engine/Plugins/NNE/NNEDenoiser/Content/NNE_oidn2-3-0_rt_hdr_alb_nrm_small__dyn__fp16_opset11_DenoiseAlpha.uasset" 1194
"../../../Engine/Plugins/NNE/NNEDenoiser/Content/NNE_oidn2-3-0_rt_hdr_alb_nrm_small__dyn__fp16_opset11_DenoiseAlpha.uexp" 1195
"../../../Engine/Plugins/NNE/NNEDenoiser/Content/NNE_oidn2-3-0_rt_hdr_alb_nrm_small__dyn__fp16_opset11_ForwardAlpha.uasset" 1196
"../../../Engine/Plugins/NNE/NNEDenoiser/Content/NNE_oidn2-3-0_rt_hdr_alb_nrm_small__dyn__fp16_opset11_ForwardAlpha.uexp" 1197
"../../../Engine/Plugins/NNE/NNEDenoiser/Content/NNE_oidn2-3-0_rt_hdr_alb_nrm__dyn__fp16_opset11_DenoiseAlpha.uasset" 1198
"../../../Engine/Plugins/NNE/NNEDenoiser/Content/NNE_oidn2-3-0_rt_hdr_alb_nrm__dyn__fp16_opset11_DenoiseAlpha.uexp" 1199
"../../../Engine/Plugins/NNE/NNEDenoiser/Content/NNE_oidn2-3-0_rt_hdr_alb_nrm__dyn__fp16_opset11_ForwardAlpha.uasset" 1200
"../../../Engine/Plugins/NNE/NNEDenoiser/Content/NNE_oidn2-3-0_rt_hdr_alb_nrm__dyn__fp16_opset11_ForwardAlpha.uexp" 1201
"../../../Engine/Plugins/NNE/NNEDenoiser/Content/NNE_oidn2-3-0_rt_hdr_calb_cnrm_large__dyn__fp16_opset11_DenoiseAlpha.uasset" 1202
"../../../Engine/Plugins/NNE/NNEDenoiser/Content/NNE_oidn2-3-0_rt_hdr_calb_cnrm_large__dyn__fp16_opset11_DenoiseAlpha.uexp" 1203
"../../../Engine/Plugins/NNE/NNEDenoiser/Content/NNE_oidn2-3-0_rt_hdr_calb_cnrm_large__dyn__fp16_opset11_ForwardAlpha.uasset" 1204
"../../../Engine/Plugins/NNE/NNEDenoiser/Content/NNE_oidn2-3-0_rt_hdr_calb_cnrm_large__dyn__fp16_opset11_ForwardAlpha.uexp" 1205
"C:/Users/camer/OneDrive/Documents/GitHub/EscapeVector/EscapeVector/Content/sci-fi-drone/Drone_Skeleton.uasset" 1206
"C:/Users/camer/OneDrive/Documents/GitHub/EscapeVector/EscapeVector/Content/sci-fi-drone/Drone_Skeleton.uexp" 1207
"../../../Engine/Plugins/Interchange/Assets/Content/gltf/MaterialInstances/MI_Default_Mask_DS.uasset" 1208
"../../../Engine/Plugins/Interchange/Assets/Content/gltf/MaterialInstances/MI_Default_Mask_DS.uexp" 1209
"C:/Users/camer/OneDrive/Documents/GitHub/EscapeVector/EscapeVector/Content/sci-fi-drone/texture.ubulk" 1210
"C:/Users/camer/OneDrive/Documents/GitHub/EscapeVector/EscapeVector/Content/sci-fi-drone/texture.uasset" 1211
"C:/Users/camer/OneDrive/Documents/GitHub/EscapeVector/EscapeVector/Content/sci-fi-drone/texture.uexp" 1212
"C:/Users/camer/OneDrive/Documents/GitHub/EscapeVector/EscapeVector/Content/sci-fi-drone/Drone_material_0.uasset" 1213
"C:/Users/camer/OneDrive/Documents/GitHub/EscapeVector/EscapeVector/Content/sci-fi-drone/Drone_material_0.uexp" 1214
"C:/Users/camer/OneDrive/Documents/GitHub/EscapeVector/EscapeVector/Content/sci-fi-drone/Drone_PhysicsAsset.uasset" 1215
"C:/Users/camer/OneDrive/Documents/GitHub/EscapeVector/EscapeVector/Content/sci-fi-drone/Drone_PhysicsAsset.uexp" 1216
"C:/Users/camer/OneDrive/Documents/GitHub/EscapeVector/EscapeVector/Content/sci-fi-drone/Drone.uasset" 1217
"C:/Users/camer/OneDrive/Documents/GitHub/EscapeVector/EscapeVector/Content/sci-fi-drone/Drone.uexp" 1218
"C:/Users/camer/OneDrive/Documents/GitHub/EscapeVector/EscapeVector/Content/ThirdPerson/UI/DisplayPauseButton_WB.uasset" 1219
"C:/Users/camer/OneDrive/Documents/GitHub/EscapeVector/EscapeVector/Content/ThirdPerson/UI/DisplayPauseButton_WB.uexp" 1220
"C:/Users/camer/OneDrive/Documents/GitHub/EscapeVector/EscapeVector/Content/ThirdPerson/UI/PauseMenu_WB.uasset" 1221
"C:/Users/camer/OneDrive/Documents/GitHub/EscapeVector/EscapeVector/Content/ThirdPerson/UI/PauseMenu_WB.uexp" 1222
"C:/Users/camer/OneDrive/Documents/GitHub/EscapeVector/EscapeVector/Content/ThirdPerson/Input/Actions/IA_Jump.uasset" 1223
"C:/Users/camer/OneDrive/Documents/GitHub/EscapeVector/EscapeVector/Content/ThirdPerson/Input/Actions/IA_Jump.uexp" 1224
"C:/Users/camer/OneDrive/Documents/GitHub/EscapeVector/EscapeVector/Content/ThirdPerson/Input/Actions/IA_Look.uasset" 1225
"C:/Users/camer/OneDrive/Documents/GitHub/EscapeVector/EscapeVector/Content/ThirdPerson/Input/Actions/IA_Look.uexp" 1226
"C:/Users/camer/OneDrive/Documents/GitHub/EscapeVector/EscapeVector/Content/ThirdPerson/Input/Actions/IA_PauseGame.uasset" 1227
"C:/Users/camer/OneDrive/Documents/GitHub/EscapeVector/EscapeVector/Content/ThirdPerson/Input/Actions/IA_PauseGame.uexp" 1228
"C:/Users/camer/OneDrive/Documents/GitHub/EscapeVector/EscapeVector/Content/ThirdPerson/Input/Actions/IA_Move.uasset" 1229
"C:/Users/camer/OneDrive/Documents/GitHub/EscapeVector/EscapeVector/Content/ThirdPerson/Input/Actions/IA_Move.uexp" 1230
"C:/Users/camer/OneDrive/Documents/GitHub/EscapeVector/EscapeVector/Content/ThirdPerson/Input/IMC_Default.uasset" 1231
"C:/Users/camer/OneDrive/Documents/GitHub/EscapeVector/EscapeVector/Content/ThirdPerson/Input/IMC_Default.uexp" 1232
"C:/Users/camer/OneDrive/Documents/GitHub/EscapeVector/EscapeVector/Content/sci-fi-drone/BP_Drone.uasset" 1233
"C:/Users/camer/OneDrive/Documents/GitHub/EscapeVector/EscapeVector/Content/sci-fi-drone/BP_Drone.uexp" 1234
"C:/Users/camer/OneDrive/Documents/GitHub/EscapeVector/EscapeVector/Content/ThirdPerson/Blueprints/BP_ThirdPersonGameMode.uasset" 1235
"C:/Users/camer/OneDrive/Documents/GitHub/EscapeVector/EscapeVector/Content/ThirdPerson/Blueprints/BP_ThirdPersonGameMode.uexp" 1236
"C:/Users/camer/OneDrive/Documents/GitHub/EscapeVector/EscapeVector/Content/ThirdPerson/Maps/ThirdPersonMap.uexp" 1237
"C:/Users/camer/OneDrive/Documents/GitHub/EscapeVector/EscapeVector/Content/ThirdPerson/Maps/ThirdPersonMap.umap" 1238
"../../../Engine/Content/Maps/Entry_BuiltData.uasset" 1239
"../../../Engine/Content/Maps/Entry_BuiltData.uexp" 1240
"../../../Engine/Content/Maps/Entry.uexp" 1241
"../../../Engine/Content/Maps/Entry.umap" 1242
